2025-12-09 17:42:30,262 - __main__ - INFO - Starting Routivity Trip Planner Backend MVP (OSRM + Overpass + Firebase)
2025-12-09 17:42:42,390 - __main__ - WARNING - Firebase Admin initialization failed: Your default credentials were not found. To set up Application Default Credentials, see https://cloud.google.com/docs/authentication/external/set-up-adc for more information.. Some features may not work.
2025-12-09 17:42:42,481 - main_osrm - INFO - Starting Routivity Trip Planner Backend MVP (OSRM + Overpass + Firebase)
2025-12-09 17:42:47,849 - __mp_main__ - INFO - Starting Routivity Trip Planner Backend MVP (OSRM + Overpass + Firebase)
2025-12-09 17:42:54,447 - main_osrm - WARNING - Firebase Admin initialization failed: Your default credentials were not found. To set up Application Default Credentials, see https://cloud.google.com/docs/authentication/external/set-up-adc for more information.. Some features may not work.
2025-12-09 17:42:59,732 - __mp_main__ - WARNING - Firebase Admin initialization failed: Your default credentials were not found. To set up Application Default Credentials, see https://cloud.google.com/docs/authentication/external/set-up-adc for more information.. Some features may not work.
2025-12-09 17:42:59,818 - main_osrm - INFO - Starting Routivity Trip Planner Backend MVP (OSRM + Overpass + Firebase)
2025-12-09 17:43:11,808 - main_osrm - WARNING - Firebase Admin initialization failed: Your default credentials were not found. To set up Application Default Credentials, see https://cloud.google.com/docs/authentication/external/set-up-adc for more information.. Some features may not work.
2025-12-09 17:43:41,172 - __mp_main__ - INFO - Starting Routivity Trip Planner Backend MVP (OSRM + Overpass + Firebase)
2025-12-09 17:43:53,035 - __mp_main__ - WARNING - Firebase Admin initialization failed: Your default credentials were not found. To set up Application Default Credentials, see https://cloud.google.com/docs/authentication/external/set-up-adc for more information.. Some features may not work.
2025-12-09 17:43:53,121 - main_osrm - INFO - Starting Routivity Trip Planner Backend MVP (OSRM + Overpass + Firebase)
2025-12-09 17:44:05,329 - main_osrm - WARNING - Firebase Admin initialization failed: Your default credentials were not found. To set up Application Default Credentials, see https://cloud.google.com/docs/authentication/external/set-up-adc for more information.. Some features may not work.
2025-12-09 17:44:12,397 - main_osrm - WARNING - Firebase not initialized, cannot fetch user preferences
2025-12-09 17:44:32,465 - __mp_main__ - INFO - Starting Routivity Trip Planner Backend MVP (OSRM + Overpass + Firebase)
2025-12-09 17:44:32,823 - main_osrm - INFO - === ENHANCED create_trip with personalization ===
2025-12-09 17:44:32,823 - main_osrm - INFO - Using explicitly passed personalization preferences: foodPreference='non-vegetarian' budget='moderate' pace='balanced' mood='adventure' companions='solo' activities=[] accessibility='none'
2025-12-09 17:44:32,823 - main_osrm - INFO - Fetching baseline OSRM route...
2025-12-09 17:44:33,785 - httpx - INFO - HTTP Request: GET http://router.project-osrm.org/route/v1/driving/80.2023035,13.0008413;76.2444378,9.9679032?overview=full&geometries=geojson&steps=true "HTTP/1.1 200 OK"
2025-12-09 17:44:34,869 - main_osrm - INFO - Baseline route: duration=33849s distance=664390.4m
2025-12-09 17:44:34,870 - main_osrm - INFO - Initial trip window: depart=2025-12-10T06:05:04.221000
2025-12-09 17:44:34,870 - main_osrm - INFO - Extracted 98 checkpoints from baseline route
2025-12-09 17:44:34,870 - main_osrm - INFO - Skipping meal 'dinner' - window doesn't intersect trip
2025-12-09 17:44:34,872 - main_osrm - INFO - Considering meals: ['breakfast', 'lunch']
2025-12-09 17:44:34,872 - main_osrm - INFO - Processing meal 'breakfast' with personalization
2025-12-09 17:44:34,872 - main_osrm - INFO - Meal 'breakfast' ETA: 2025-12-10T08:09:19.621000 at 12.249858,79.582887
2025-12-09 17:44:39,778 - httpx - INFO - HTTP Request: POST https://overpass-api.de/api/interpreter "HTTP/1.1 504 Gateway Timeout"
2025-12-09 17:44:39,780 - main_osrm - ERROR - Enhanced create_trip error: Server error '504 Gateway Timeout' for url 'https://overpass-api.de/api/interpreter'
For more information check: https://developer.mozilla.org/en-US/docs/Web/HTTP/Status/504
Traceback (most recent call last):
  File "C:\Users\Lenovo\routivity-1\backend\main_osrm.py", line 840, in create_trip
    overpass_places = await search_places(point.lat, point.lng, radius=r, query="restaurant")
                      ^^^^^^^^^^^^^^^^^^^^^^^^^^^^^^^^^^^^^^^^^^^^^^^^^^^^^^^^^^^^^^^^^^^^^^^
  File "C:\Users\Lenovo\routivity-1\backend\main_osrm.py", line 398, in search_places
    r.raise_for_status()
  File "C:\Users\Lenovo\AppData\Local\Packages\PythonSoftwareFoundation.Python.3.12_qbz5n2kfra8p0\LocalCache\local-packages\Python312\site-packages\httpx\_models.py", line 829, in raise_for_status
    raise HTTPStatusError(message, request=request, response=self)
httpx.HTTPStatusError: Server error '504 Gateway Timeout' for url 'https://overpass-api.de/api/interpreter'
For more information check: https://developer.mozilla.org/en-US/docs/Web/HTTP/Status/504
2025-12-09 17:44:44,770 - __mp_main__ - WARNING - Firebase Admin initialization failed: Your default credentials were not found. To set up Application Default Credentials, see https://cloud.google.com/docs/authentication/external/set-up-adc for more information.. Some features may not work.
2025-12-09 17:44:44,836 - main_osrm - INFO - Starting Routivity Trip Planner Backend MVP (OSRM + Overpass + Firebase)
2025-12-09 17:44:56,787 - main_osrm - WARNING - Firebase Admin initialization failed: Your default credentials were not found. To set up Application Default Credentials, see https://cloud.google.com/docs/authentication/external/set-up-adc for more information.. Some features may not work.
2025-12-09 17:47:21,594 - __main__ - INFO - Starting Routivity Trip Planner Backend MVP (OSRM + Overpass + Firebase)
2025-12-09 17:47:33,396 - __main__ - WARNING - Firebase Admin initialization failed: Your default credentials were not found. To set up Application Default Credentials, see https://cloud.google.com/docs/authentication/external/set-up-adc for more information.. Some features may not work.
2025-12-09 17:47:33,505 - main_osrm - INFO - Starting Routivity Trip Planner Backend MVP (OSRM + Overpass + Firebase)
2025-12-09 17:47:42,963 - __mp_main__ - INFO - Starting Routivity Trip Planner Backend MVP (OSRM + Overpass + Firebase)
2025-12-09 17:47:45,743 - main_osrm - WARNING - Firebase Admin initialization failed: Your default credentials were not found. To set up Application Default Credentials, see https://cloud.google.com/docs/authentication/external/set-up-adc for more information.. Some features may not work.
2025-12-09 17:47:47,495 - __mp_main__ - INFO - Starting Routivity Trip Planner Backend MVP (OSRM + Overpass + Firebase)
2025-12-09 17:47:54,891 - __mp_main__ - INFO - Starting Routivity Trip Planner Backend MVP (OSRM + Overpass + Firebase)
2025-12-09 17:47:55,014 - __mp_main__ - WARNING - Firebase Admin initialization failed: Your default credentials were not found. To set up Application Default Credentials, see https://cloud.google.com/docs/authentication/external/set-up-adc for more information.. Some features may not work.
2025-12-09 17:47:55,094 - main_osrm - INFO - Starting Routivity Trip Planner Backend MVP (OSRM + Overpass + Firebase)
2025-12-09 17:47:59,485 - __mp_main__ - WARNING - Firebase Admin initialization failed: Your default credentials were not found. To set up Application Default Credentials, see https://cloud.google.com/docs/authentication/external/set-up-adc for more information.. Some features may not work.
2025-12-09 17:47:59,564 - main_osrm - INFO - Starting Routivity Trip Planner Backend MVP (OSRM + Overpass + Firebase)
2025-12-09 17:48:06,786 - __mp_main__ - WARNING - Firebase Admin initialization failed: Your default credentials were not found. To set up Application Default Credentials, see https://cloud.google.com/docs/authentication/external/set-up-adc for more information.. Some features may not work.
2025-12-09 17:48:06,850 - main_osrm - INFO - Starting Routivity Trip Planner Backend MVP (OSRM + Overpass + Firebase)
2025-12-09 17:48:06,984 - main_osrm - WARNING - Firebase Admin initialization failed: Your default credentials were not found. To set up Application Default Credentials, see https://cloud.google.com/docs/authentication/external/set-up-adc for more information.. Some features may not work.
2025-12-09 17:48:11,528 - main_osrm - WARNING - Firebase Admin initialization failed: Your default credentials were not found. To set up Application Default Credentials, see https://cloud.google.com/docs/authentication/external/set-up-adc for more information.. Some features may not work.
2025-12-09 17:48:11,631 - main_osrm - INFO - === ENHANCED create_trip with personalization ===
2025-12-09 17:48:11,631 - main_osrm - INFO - Using explicitly passed personalization preferences: foodPreference='non-vegetarian' budget='moderate' pace='balanced' mood='adventure' companions='solo' activities=[] accessibility='none'
2025-12-09 17:48:11,631 - main_osrm - INFO - Fetching baseline OSRM route...
2025-12-09 17:48:12,596 - httpx - INFO - HTTP Request: GET http://router.project-osrm.org/route/v1/driving/80.2023035,13.0008413;76.2444378,9.9679032?overview=full&geometries=geojson&steps=true "HTTP/1.1 200 OK"
2025-12-09 17:48:15,929 - main_osrm - INFO - Baseline route: duration=33849s distance=664390.4m
2025-12-09 17:48:15,930 - main_osrm - INFO - Initial trip window: depart=2025-12-10T06:05:04.221000
2025-12-09 17:48:15,930 - main_osrm - INFO - Extracted 98 checkpoints from baseline route
2025-12-09 17:48:15,930 - main_osrm - INFO - Skipping meal 'dinner' - window doesn't intersect trip
2025-12-09 17:48:15,932 - main_osrm - INFO - Considering meals: ['breakfast', 'lunch']
2025-12-09 17:48:15,932 - main_osrm - INFO - Processing meal 'breakfast' with personalization
2025-12-09 17:48:15,932 - main_osrm - INFO - Meal 'breakfast' ETA: 2025-12-10T08:09:19.621000 at 12.249858,79.582887
2025-12-09 17:48:16,282 - main_osrm - WARNING - Firebase not initialized, cannot fetch user preferences
2025-12-09 17:48:18,718 - main_osrm - WARNING - Firebase Admin initialization failed: Your default credentials were not found. To set up Application Default Credentials, see https://cloud.google.com/docs/authentication/external/set-up-adc for more information.. Some features may not work.
2025-12-09 17:48:20,860 - httpx - INFO - HTTP Request: POST https://overpass-api.de/api/interpreter "HTTP/1.1 504 Gateway Timeout"
2025-12-09 17:48:20,860 - main_osrm - WARNING - Overpass API timeout (504) for query='restaurant'. Returning empty.
2025-12-09 17:48:20,860 - main_osrm - INFO - Overpass returned 0 places for breakfast at radius=3000m
2025-12-09 17:48:22,522 - httpx - INFO - HTTP Request: POST https://overpass-api.de/api/interpreter "HTTP/1.1 200 OK"
2025-12-09 17:48:22,526 - main_osrm - INFO - Overpass returned 0 places for breakfast at radius=7000m
2025-12-09 17:48:31,974 - httpx - INFO - HTTP Request: POST https://overpass-api.de/api/interpreter "HTTP/1.1 504 Gateway Timeout"
2025-12-09 17:48:31,975 - main_osrm - WARNING - Overpass API timeout (504) for query='restaurant'. Returning empty.
2025-12-09 17:48:31,976 - main_osrm - INFO - Overpass returned 0 places for breakfast at radius=15000m
2025-12-09 17:48:31,976 - main_osrm - WARNING - No places found for breakfast
2025-12-09 17:48:31,976 - main_osrm - INFO - Processing meal 'lunch' with personalization
2025-12-09 17:48:31,977 - main_osrm - INFO - Meal 'lunch' ETA: 2025-12-10T12:26:08.621000 at 11.427391,77.675436
2025-12-09 17:48:34,359 - httpx - INFO - HTTP Request: POST https://overpass-api.de/api/interpreter "HTTP/1.1 200 OK"
2025-12-09 17:48:34,362 - main_osrm - INFO - Overpass returned 0 places for lunch at radius=3000m
2025-12-09 17:48:38,529 - httpx - INFO - HTTP Request: POST https://overpass-api.de/api/interpreter "HTTP/1.1 200 OK"
2025-12-09 17:48:38,533 - main_osrm - INFO - Overpass returned 2 places for lunch at radius=7000m
2025-12-09 17:48:38,534 - main_osrm - INFO - 2 places after SMART preference filtering for lunch
2025-12-09 17:48:39,349 - httpx - INFO - HTTP Request: GET http://router.project-osrm.org/table/v1/driving/80.2023035,13.0008413;77.6466465,11.3725755;76.2444378,9.9679032?annotations=duration "HTTP/1.1 200 OK"
2025-12-09 17:48:49,417 - httpx - INFO - HTTP Request: GET http://router.project-osrm.org/table/v1/driving/80.2023035,13.0008413;77.6516565,11.3756705;76.2444378,9.9679032?annotations=duration "HTTP/1.1 200 OK"
2025-12-09 17:48:49,419 - main_osrm - INFO - 2 candidates scored for lunch
2025-12-09 17:48:49,420 - main_osrm - INFO - Selected: Athithi Cafe score=1.37 detour=7min
2025-12-09 17:48:49,421 - main_osrm - INFO - Selected: Canteen score=1.17 detour=9min
2025-12-09 17:48:49,421 - main_osrm - INFO - DEBUG: Meal suggestions structure: {'breakfast': [], 'lunch': [PlaceSuggestion(osm_id='1020311868', name='Athithi Cafe', location=LatLng(lat=11.3756705, lng=77.6516565), detour_minutes=7, eta_iso='2025-12-10T12:33:08.621000', tags={'amenity': 'restaurant', 'building': 'yes', 'diet:vegetarian': 'yes', 'name': 'Athithi Cafe'}, personalization_score=1.3699999999999999, match_reasons=[]), PlaceSuggestion(osm_id='11196299038', name='Canteen', location=LatLng(lat=11.3725755, lng=77.6466465), detour_minutes=9, eta_iso='2025-12-10T12:35:08.621000', tags={'amenity': 'restaurant', 'name': 'Canteen'}, personalization_score=1.17, match_reasons=[])]}
2025-12-09 17:48:49,422 - main_osrm - INFO - DEBUG: breakfast has 0 suggestions
2025-12-09 17:48:49,422 - main_osrm - INFO - DEBUG: lunch has 2 suggestions
2025-12-09 17:48:49,423 - main_osrm - INFO - DEBUG: Suggestion 1: osm_id='1020311868' name='Athithi Cafe' location=LatLng(lat=11.3756705, lng=77.6516565) detour_minutes=7 eta_iso='2025-12-10T12:33:08.621000' tags={'amenity': 'restaurant', 'building': 'yes', 'diet:vegetarian': 'yes', 'name': 'Athithi Cafe'} personalization_score=1.3699999999999999 match_reasons=[]
2025-12-09 17:48:49,423 - main_osrm - INFO - DEBUG: Suggestion 2: osm_id='11196299038' name='Canteen' location=LatLng(lat=11.3725755, lng=77.6466465) detour_minutes=9 eta_iso='2025-12-10T12:35:08.621000' tags={'amenity': 'restaurant', 'name': 'Canteen'} personalization_score=1.17 match_reasons=[]
2025-12-09 17:48:49,424 - main_osrm - INFO - DEBUG: Final response meal_suggestions: {'breakfast': [], 'lunch': [PlaceSuggestion(osm_id='1020311868', name='Athithi Cafe', location=LatLng(lat=11.3756705, lng=77.6516565), detour_minutes=7, eta_iso='2025-12-10T12:33:08.621000', tags={'amenity': 'restaurant', 'building': 'yes', 'diet:vegetarian': 'yes', 'name': 'Athithi Cafe'}, personalization_score=1.3699999999999999, match_reasons=[]), PlaceSuggestion(osm_id='11196299038', name='Canteen', location=LatLng(lat=11.3725755, lng=77.6466465), detour_minutes=9, eta_iso='2025-12-10T12:35:08.621000', tags={'amenity': 'restaurant', 'name': 'Canteen'}, personalization_score=1.17, match_reasons=[])]}
2025-12-09 17:48:49,424 - main_osrm - INFO - Enhanced trip created successfully. Personalization: True
2025-12-09 17:48:59,736 - main_osrm - INFO - === ENHANCED create_trip with personalization ===
2025-12-09 17:48:59,737 - main_osrm - INFO - Using explicitly passed personalization preferences: foodPreference='non-vegetarian' budget='moderate' pace='balanced' mood='adventure' companions='solo' activities=[] accessibility='none'
2025-12-09 17:48:59,737 - main_osrm - INFO - Fetching baseline OSRM route...
2025-12-09 17:49:00,757 - httpx - INFO - HTTP Request: GET http://router.project-osrm.org/route/v1/driving/80.2023035,13.0008413;76.2444378,9.9679032?overview=full&geometries=geojson&steps=true "HTTP/1.1 200 OK"
2025-12-09 17:49:01,587 - main_osrm - INFO - Baseline route: duration=33849s distance=664390.4m
2025-12-09 17:49:01,588 - main_osrm - INFO - Initial trip window: depart=2025-12-10T06:09:07.853000
2025-12-09 17:49:01,588 - main_osrm - INFO - Extracted 98 checkpoints from baseline route
2025-12-09 17:49:01,588 - main_osrm - INFO - Skipping meal 'dinner' - window doesn't intersect trip
2025-12-09 17:49:01,589 - main_osrm - INFO - Considering meals: ['breakfast', 'lunch']
2025-12-09 17:49:01,589 - main_osrm - INFO - Processing meal 'breakfast' with personalization
2025-12-09 17:49:01,589 - main_osrm - INFO - Meal 'breakfast' ETA: 2025-12-10T08:13:23.253000 at 12.249858,79.582887
2025-12-09 17:49:06,839 - httpx - INFO - HTTP Request: POST https://overpass-api.de/api/interpreter "HTTP/1.1 504 Gateway Timeout"
2025-12-09 17:49:06,839 - main_osrm - WARNING - Overpass API timeout (504) for query='restaurant'. Returning empty.
2025-12-09 17:49:06,841 - main_osrm - INFO - Overpass returned 0 places for breakfast at radius=3000m
2025-12-09 17:49:09,175 - httpx - INFO - HTTP Request: POST https://overpass-api.de/api/interpreter "HTTP/1.1 200 OK"
2025-12-09 17:49:09,177 - main_osrm - INFO - Overpass returned 0 places for breakfast at radius=7000m
2025-12-09 17:49:14,765 - httpx - INFO - HTTP Request: POST https://overpass-api.de/api/interpreter "HTTP/1.1 504 Gateway Timeout"
2025-12-09 17:49:14,767 - main_osrm - WARNING - Overpass API timeout (504) for query='restaurant'. Returning empty.
2025-12-09 17:49:14,768 - main_osrm - INFO - Overpass returned 0 places for breakfast at radius=15000m
2025-12-09 17:49:14,768 - main_osrm - WARNING - No places found for breakfast
2025-12-09 17:49:14,769 - main_osrm - INFO - Processing meal 'lunch' with personalization
2025-12-09 17:49:14,770 - main_osrm - INFO - Meal 'lunch' ETA: 2025-12-10T12:30:12.253000 at 11.427391,77.675436
2025-12-09 17:49:15,987 - httpx - INFO - HTTP Request: POST https://overpass-api.de/api/interpreter "HTTP/1.1 200 OK"
2025-12-09 17:49:15,988 - main_osrm - INFO - Overpass returned 0 places for lunch at radius=3000m
2025-12-09 17:49:18,677 - httpx - INFO - HTTP Request: POST https://overpass-api.de/api/interpreter "HTTP/1.1 200 OK"
2025-12-09 17:49:18,679 - main_osrm - INFO - Overpass returned 2 places for lunch at radius=7000m
2025-12-09 17:49:18,680 - main_osrm - INFO - 2 places after SMART preference filtering for lunch
2025-12-09 17:49:19,738 - httpx - INFO - HTTP Request: GET http://router.project-osrm.org/table/v1/driving/80.2023035,13.0008413;77.6466465,11.3725755;76.2444378,9.9679032?annotations=duration "HTTP/1.1 200 OK"
2025-12-09 17:49:29,748 - httpx - INFO - HTTP Request: GET http://router.project-osrm.org/table/v1/driving/80.2023035,13.0008413;77.6516565,11.3756705;76.2444378,9.9679032?annotations=duration "HTTP/1.1 200 OK"
2025-12-09 17:49:29,750 - main_osrm - INFO - 2 candidates scored for lunch
2025-12-09 17:49:29,752 - main_osrm - INFO - Selected: Athithi Cafe score=1.37 detour=7min
2025-12-09 17:49:29,753 - main_osrm - INFO - Selected: Canteen score=1.17 detour=9min
2025-12-09 17:49:29,754 - main_osrm - INFO - DEBUG: Meal suggestions structure: {'breakfast': [], 'lunch': [PlaceSuggestion(osm_id='1020311868', name='Athithi Cafe', location=LatLng(lat=11.3756705, lng=77.6516565), detour_minutes=7, eta_iso='2025-12-10T12:37:12.253000', tags={'amenity': 'restaurant', 'building': 'yes', 'diet:vegetarian': 'yes', 'name': 'Athithi Cafe'}, personalization_score=1.3699999999999999, match_reasons=[]), PlaceSuggestion(osm_id='11196299038', name='Canteen', location=LatLng(lat=11.3725755, lng=77.6466465), detour_minutes=9, eta_iso='2025-12-10T12:39:12.253000', tags={'amenity': 'restaurant', 'name': 'Canteen'}, personalization_score=1.17, match_reasons=[])]}
2025-12-09 17:49:29,754 - main_osrm - INFO - DEBUG: breakfast has 0 suggestions
2025-12-09 17:49:29,756 - main_osrm - INFO - DEBUG: lunch has 2 suggestions
2025-12-09 17:49:29,756 - main_osrm - INFO - DEBUG: Suggestion 1: osm_id='1020311868' name='Athithi Cafe' location=LatLng(lat=11.3756705, lng=77.6516565) detour_minutes=7 eta_iso='2025-12-10T12:37:12.253000' tags={'amenity': 'restaurant', 'building': 'yes', 'diet:vegetarian': 'yes', 'name': 'Athithi Cafe'} personalization_score=1.3699999999999999 match_reasons=[]
2025-12-09 17:49:29,757 - main_osrm - INFO - DEBUG: Suggestion 2: osm_id='11196299038' name='Canteen' location=LatLng(lat=11.3725755, lng=77.6466465) detour_minutes=9 eta_iso='2025-12-10T12:39:12.253000' tags={'amenity': 'restaurant', 'name': 'Canteen'} personalization_score=1.17 match_reasons=[]
2025-12-09 17:49:29,758 - main_osrm - INFO - DEBUG: Final response meal_suggestions: {'breakfast': [], 'lunch': [PlaceSuggestion(osm_id='1020311868', name='Athithi Cafe', location=LatLng(lat=11.3756705, lng=77.6516565), detour_minutes=7, eta_iso='2025-12-10T12:37:12.253000', tags={'amenity': 'restaurant', 'building': 'yes', 'diet:vegetarian': 'yes', 'name': 'Athithi Cafe'}, personalization_score=1.3699999999999999, match_reasons=[]), PlaceSuggestion(osm_id='11196299038', name='Canteen', location=LatLng(lat=11.3725755, lng=77.6466465), detour_minutes=9, eta_iso='2025-12-10T12:39:12.253000', tags={'amenity': 'restaurant', 'name': 'Canteen'}, personalization_score=1.17, match_reasons=[])]}
2025-12-09 17:49:29,759 - main_osrm - INFO - Enhanced trip created successfully. Personalization: True
2025-12-09 17:52:50,967 - __mp_main__ - INFO - Starting Routivity Trip Planner Backend MVP (OSRM + Overpass + Firebase)
2025-12-09 17:52:50,976 - __mp_main__ - INFO - Starting Routivity Trip Planner Backend MVP (OSRM + Overpass + Firebase)
2025-12-09 17:52:55,562 - __main__ - INFO - Starting Routivity Trip Planner Backend MVP (OSRM + Overpass + Firebase)
2025-12-09 17:52:55,563 - __mp_main__ - INFO - Starting Routivity Trip Planner Backend MVP (OSRM + Overpass + Firebase)
2025-12-09 17:52:58,882 - __mp_main__ - INFO - Starting Routivity Trip Planner Backend MVP (OSRM + Overpass + Firebase)
2025-12-09 17:53:02,980 - __mp_main__ - WARNING - Firebase Admin initialization failed: Your default credentials were not found. To set up Application Default Credentials, see https://cloud.google.com/docs/authentication/external/set-up-adc for more information.. Some features may not work.
2025-12-09 17:53:03,057 - main_osrm - INFO - Starting Routivity Trip Planner Backend MVP (OSRM + Overpass + Firebase)
2025-12-09 17:53:03,080 - __mp_main__ - WARNING - Firebase Admin initialization failed: Your default credentials were not found. To set up Application Default Credentials, see https://cloud.google.com/docs/authentication/external/set-up-adc for more information.. Some features may not work.
2025-12-09 17:53:03,155 - main_osrm - INFO - Starting Routivity Trip Planner Backend MVP (OSRM + Overpass + Firebase)
2025-12-09 17:53:07,625 - __main__ - WARNING - Firebase Admin initialization failed: Your default credentials were not found. To set up Application Default Credentials, see https://cloud.google.com/docs/authentication/external/set-up-adc for more information.. Some features may not work.
2025-12-09 17:53:07,687 - main_osrm - INFO - Starting Routivity Trip Planner Backend MVP (OSRM + Overpass + Firebase)
2025-12-09 17:53:10,810 - __mp_main__ - WARNING - Firebase Admin initialization failed: Your default credentials were not found. To set up Application Default Credentials, see https://cloud.google.com/docs/authentication/external/set-up-adc for more information.. Some features may not work.
2025-12-09 17:53:10,883 - main_osrm - INFO - Starting Routivity Trip Planner Backend MVP (OSRM + Overpass + Firebase)
2025-12-09 17:53:14,920 - main_osrm - WARNING - Firebase Admin initialization failed: Your default credentials were not found. To set up Application Default Credentials, see https://cloud.google.com/docs/authentication/external/set-up-adc for more information.. Some features may not work.
2025-12-09 17:53:15,098 - main_osrm - WARNING - Firebase Admin initialization failed: Your default credentials were not found. To set up Application Default Credentials, see https://cloud.google.com/docs/authentication/external/set-up-adc for more information.. Some features may not work.
2025-12-09 17:53:19,786 - main_osrm - WARNING - Firebase Admin initialization failed: Your default credentials were not found. To set up Application Default Credentials, see https://cloud.google.com/docs/authentication/external/set-up-adc for more information.. Some features may not work.
2025-12-09 17:53:22,940 - main_osrm - WARNING - Firebase Admin initialization failed: Your default credentials were not found. To set up Application Default Credentials, see https://cloud.google.com/docs/authentication/external/set-up-adc for more information.. Some features may not work.
2025-12-09 18:04:19,900 - main_osrm - INFO - === ENHANCED create_trip with personalization ===
2025-12-09 18:04:19,901 - main_osrm - INFO - Using explicitly passed personalization preferences: foodPreference='non-vegetarian' budget='moderate' pace='balanced' mood='adventure' companions='solo' activities=[] accessibility='none'
2025-12-09 18:04:19,902 - main_osrm - INFO - Fetching baseline OSRM route...
2025-12-09 18:04:21,056 - httpx - INFO - HTTP Request: GET http://router.project-osrm.org/route/v1/driving/80.2023035,13.0008413;76.2444378,9.9679032?overview=full&geometries=geojson&steps=true "HTTP/1.1 200 OK"
2025-12-09 18:04:25,933 - main_osrm - INFO - Baseline route: duration=33849s distance=664390.4m
2025-12-09 18:04:25,933 - main_osrm - INFO - Initial trip window: depart=2025-12-10T06:09:07.853000
2025-12-09 18:04:25,933 - main_osrm - INFO - Extracted 98 checkpoints from baseline route
2025-12-09 18:04:25,934 - main_osrm - INFO - Skipping meal 'dinner' - window doesn't intersect trip
2025-12-09 18:04:25,934 - main_osrm - INFO - Considering meals: ['breakfast', 'lunch']
2025-12-09 18:04:25,934 - main_osrm - INFO - Processing meal 'breakfast' with personalization
2025-12-09 18:04:25,935 - main_osrm - INFO - Meal 'breakfast' ETA: 2025-12-10T08:13:23.253000 at 12.249858,79.582887
2025-12-09 18:04:25,935 - main_osrm - INFO - Searching Overpass for 'restaurant' around 12.249858,79.582887 (radius=3000m)
2025-12-09 18:04:28,753 - httpx - INFO - HTTP Request: POST https://overpass-api.de/api/interpreter "HTTP/1.1 200 OK"
2025-12-09 18:04:28,755 - main_osrm - INFO - Overpass returned 0 places for breakfast at radius=3000m
2025-12-09 18:04:28,756 - main_osrm - INFO - Searching Overpass for 'restaurant' around 12.249858,79.582887 (radius=7000m)
2025-12-09 18:04:31,793 - httpx - INFO - HTTP Request: POST https://overpass-api.de/api/interpreter "HTTP/1.1 200 OK"
2025-12-09 18:04:31,794 - main_osrm - INFO - Overpass returned 0 places for breakfast at radius=7000m
2025-12-09 18:04:31,794 - main_osrm - INFO - Searching Overpass for 'restaurant' around 12.249858,79.582887 (radius=15000m)
2025-12-09 18:04:33,732 - httpx - INFO - HTTP Request: POST https://overpass-api.de/api/interpreter "HTTP/1.1 200 OK"
2025-12-09 18:04:33,734 - main_osrm - INFO - Overpass returned 9 places for breakfast at radius=15000m
2025-12-09 18:04:33,734 - main_osrm - INFO - 9 places after SMART preference filtering for breakfast
2025-12-09 18:04:34,836 - httpx - INFO - HTTP Request: GET http://router.project-osrm.org/table/v1/driving/80.2023035,13.0008413;79.6735672,12.2537288;76.2444378,9.9679032?annotations=duration "HTTP/1.1 200 OK"
2025-12-09 18:04:35,719 - httpx - INFO - HTTP Request: GET http://router.project-osrm.org/table/v1/driving/80.2023035,13.0008413;79.6632394,12.2405556;76.2444378,9.9679032?annotations=duration "HTTP/1.1 200 OK"
2025-12-09 18:04:45,712 - httpx - INFO - HTTP Request: GET http://router.project-osrm.org/table/v1/driving/80.2023035,13.0008413;79.6766496,12.2565758;76.2444378,9.9679032?annotations=duration "HTTP/1.1 200 OK"
2025-12-09 18:04:55,748 - httpx - INFO - HTTP Request: GET http://router.project-osrm.org/table/v1/driving/80.2023035,13.0008413;79.5998552,12.1445091;76.2444378,9.9679032?annotations=duration "HTTP/1.1 200 OK"
2025-12-09 18:05:05,721 - httpx - INFO - HTTP Request: GET http://router.project-osrm.org/table/v1/driving/80.2023035,13.0008413;79.6670818,12.2455286;76.2444378,9.9679032?annotations=duration "HTTP/1.1 200 OK"
2025-12-09 18:05:15,793 - httpx - INFO - HTTP Request: GET http://router.project-osrm.org/table/v1/driving/80.2023035,13.0008413;79.662011,12.239473;76.2444378,9.9679032?annotations=duration "HTTP/1.1 200 OK"
2025-12-09 18:05:16,747 - httpx - INFO - HTTP Request: GET http://router.project-osrm.org/table/v1/driving/80.2023035,13.0008413;79.6741623,12.2547717;76.2444378,9.9679032?annotations=duration "HTTP/1.1 200 OK"
2025-12-09 18:05:26,512 - httpx - INFO - HTTP Request: GET http://router.project-osrm.org/table/v1/driving/80.2023035,13.0008413;79.4924935,12.2570066;76.2444378,9.9679032?annotations=duration "HTTP/1.1 200 OK"
2025-12-09 18:05:35,808 - httpx - INFO - HTTP Request: GET http://router.project-osrm.org/table/v1/driving/80.2023035,13.0008413;79.6655145,12.2424747;76.2444378,9.9679032?annotations=duration "HTTP/1.1 200 OK"
2025-12-09 18:05:35,809 - main_osrm - INFO - 9 candidates scored for breakfast
2025-12-09 18:05:35,810 - main_osrm - INFO - Selected: Café Udupi Ruchi score=1.47 detour=1min
2025-12-09 18:05:35,814 - main_osrm - INFO - Selected: Krishna Restaurant score=1.27 detour=2min
2025-12-09 18:05:35,814 - main_osrm - INFO - Selected: Hotel Vasantha Bhavan score=1.27 detour=0min
2025-12-09 18:05:35,814 - main_osrm - INFO - Selected: Unknown score=1.17 detour=1min
2025-12-09 18:05:35,815 - main_osrm - INFO - Selected: Padma Vilasam score=1.17 detour=1min
2025-12-09 18:05:35,815 - main_osrm - INFO - Processing meal 'lunch' with personalization
2025-12-09 18:05:35,816 - main_osrm - INFO - Meal 'lunch' ETA: 2025-12-10T12:30:12.253000 at 11.427391,77.675436
2025-12-09 18:05:35,816 - main_osrm - INFO - Searching Overpass for 'restaurant' around 11.427391,77.675436 (radius=3000m)
2025-12-09 18:05:39,785 - httpx - INFO - HTTP Request: POST https://overpass-api.de/api/interpreter "HTTP/1.1 200 OK"
2025-12-09 18:05:39,786 - main_osrm - INFO - Overpass returned 0 places for lunch at radius=3000m
2025-12-09 18:05:39,788 - main_osrm - INFO - Searching Overpass for 'restaurant' around 11.427391,77.675436 (radius=7000m)
2025-12-09 18:05:44,911 - httpx - INFO - HTTP Request: POST https://overpass-api.de/api/interpreter "HTTP/1.1 504 Gateway Timeout"
2025-12-09 18:05:44,912 - main_osrm - WARNING - Overpass API timeout (504) for query='restaurant'. Returning empty.
2025-12-09 18:05:44,913 - main_osrm - INFO - Overpass returned 0 places for lunch at radius=7000m
2025-12-09 18:05:44,913 - main_osrm - INFO - Searching Overpass for 'restaurant' around 11.427391,77.675436 (radius=15000m)
2025-12-09 18:05:46,364 - httpx - INFO - HTTP Request: POST https://overpass-api.de/api/interpreter "HTTP/1.1 200 OK"
2025-12-09 18:05:46,365 - main_osrm - INFO - Overpass returned 16 places for lunch at radius=15000m
2025-12-09 18:05:46,365 - main_osrm - INFO - 16 places after SMART preference filtering for lunch
2025-12-09 18:05:47,311 - httpx - INFO - HTTP Request: GET http://router.project-osrm.org/table/v1/driving/80.2023035,13.0008413;77.7216643,11.3458527;76.2444378,9.9679032?annotations=duration "HTTP/1.1 200 OK"
2025-12-09 18:05:58,031 - httpx - INFO - HTTP Request: GET http://router.project-osrm.org/table/v1/driving/80.2023035,13.0008413;77.7185646,11.3467534;76.2444378,9.9679032?annotations=duration "HTTP/1.1 200 OK"
2025-12-09 18:06:07,257 - httpx - INFO - HTTP Request: GET http://router.project-osrm.org/table/v1/driving/80.2023035,13.0008413;77.7190264,11.3490665;76.2444378,9.9679032?annotations=duration "HTTP/1.1 200 OK"
2025-12-09 18:06:08,802 - httpx - INFO - HTTP Request: GET http://router.project-osrm.org/table/v1/driving/80.2023035,13.0008413;77.7178037,11.3437329;76.2444378,9.9679032?annotations=duration "HTTP/1.1 200 OK"
2025-12-09 18:06:17,394 - httpx - INFO - HTTP Request: GET http://router.project-osrm.org/table/v1/driving/80.2023035,13.0008413;77.7298617,11.3311777;76.2444378,9.9679032?annotations=duration "HTTP/1.1 200 OK"
2025-12-09 18:06:27,314 - httpx - INFO - HTTP Request: GET http://router.project-osrm.org/table/v1/driving/80.2023035,13.0008413;77.6297833,11.3291744;76.2444378,9.9679032?annotations=duration "HTTP/1.1 200 OK"
2025-12-09 18:06:37,394 - httpx - INFO - HTTP Request: GET http://router.project-osrm.org/table/v1/driving/80.2023035,13.0008413;77.7740545,11.4520974;76.2444378,9.9679032?annotations=duration "HTTP/1.1 200 OK"
2025-12-09 18:06:47,286 - httpx - INFO - HTTP Request: GET http://router.project-osrm.org/table/v1/driving/80.2023035,13.0008413;77.7180832,11.3438944;76.2444378,9.9679032?annotations=duration "HTTP/1.1 200 OK"
2025-12-09 18:06:58,036 - httpx - INFO - HTTP Request: GET http://router.project-osrm.org/table/v1/driving/80.2023035,13.0008413;77.7192708,11.3481528;76.2444378,9.9679032?annotations=duration "HTTP/1.1 200 OK"
2025-12-09 18:06:59,317 - httpx - INFO - HTTP Request: GET http://router.project-osrm.org/table/v1/driving/80.2023035,13.0008413;77.644608,11.3523614;76.2444378,9.9679032?annotations=duration "HTTP/1.1 200 OK"
2025-12-09 18:07:07,328 - httpx - INFO - HTTP Request: GET http://router.project-osrm.org/table/v1/driving/80.2023035,13.0008413;77.6466465,11.3725755;76.2444378,9.9679032?annotations=duration "HTTP/1.1 200 OK"
2025-12-09 18:07:17,300 - httpx - INFO - HTTP Request: GET http://router.project-osrm.org/table/v1/driving/80.2023035,13.0008413;77.7452666,11.4470353;76.2444378,9.9679032?annotations=duration "HTTP/1.1 200 OK"
2025-12-09 18:07:17,300 - main_osrm - INFO - 12 candidates scored for lunch
2025-12-09 18:07:17,301 - main_osrm - INFO - Selected: Chimney score=1.47 detour=4min
2025-12-09 18:07:17,301 - main_osrm - INFO - Selected: Paradise Biriyani score=1.47 detour=2min
2025-12-09 18:07:17,301 - main_osrm - INFO - Selected: Adyar Ananda Bhavan score=1.47 detour=2min
2025-12-09 18:07:17,302 - main_osrm - INFO - Selected: Thulasi Veg Cafe score=1.37 detour=2min
2025-12-09 18:07:17,302 - main_osrm - INFO - Selected: Hotel Sree Saravana Bhavan Classic score=1.37 detour=3min
2025-12-09 18:07:17,303 - main_osrm - INFO - DEBUG: Meal suggestions structure: {'breakfast': [PlaceSuggestion(osm_id='9906866563', name='Café Udupi Ruchi', location=LatLng(lat=12.2547717, lng=79.6741623), detour_minutes=1, eta_iso='2025-12-10T08:14:23.253000', tags={'addr:housenumber': 'M1,M2', 'addr:postcode': '604307', 'addr:street': 'Muthu Kumaran Nagar', 'amenity': 'restaurant', 'email': 'samridhamfoods@gmail.com', 'name': 'Café Udupi Ruchi', 'opening_hours': 'Mo-Su 06:00-22:00', 'phone': '+91 73977 76263'}, personalization_score=1.4699999999999998, match_reasons=[]), PlaceSuggestion(osm_id='2236773759', name='Krishna Restaurant', location=LatLng(lat=12.2537288, lng=79.6735672), detour_minutes=2, eta_iso='2025-12-10T08:15:23.253000', tags={'amenity': 'restaurant', 'cuisine': 'indian', 'name': 'Krishna Restaurant'}, personalization_score=1.27, match_reasons=[]), PlaceSuggestion(osm_id='339288902', name='Hotel Vasantha Bhavan', location=LatLng(lat=12.2424747, lng=79.6655145), detour_minutes=0, eta_iso='2025-12-10T08:13:23.253000', tags={'amenity': 'restaurant', 'cuisine': 'indian', 'name': 'Hotel Vasantha Bhavan'}, personalization_score=1.27, match_reasons=[]), PlaceSuggestion(osm_id='4670775689', name='Unknown', location=LatLng(lat=12.2405556, lng=79.6632394), detour_minutes=1, eta_iso='2025-12-10T08:14:23.253000', tags={'amenity': 'restaurant', 'name:en': 'Aaryas hotel'}, personalization_score=1.17, match_reasons=[]), PlaceSuggestion(osm_id='5503407814', name='Padma Vilasam', location=LatLng(lat=12.2565758, lng=79.6766496), detour_minutes=1, eta_iso='2025-12-10T08:14:23.253000', tags={'amenity': 'restaurant', 'name': 'Padma Vilasam'}, personalization_score=1.17, match_reasons=[])], 'lunch': [PlaceSuggestion(osm_id='3943009682', name='Chimney', location=LatLng(lat=11.3311777, lng=77.7298617), detour_minutes=4, eta_iso='2025-12-10T12:34:12.253000', tags={'addr:city': 'Erode', 'addr:housenumber': '21', 'addr:street': 'Old Railway Station Rd.', 'amenity': 'restaurant', 'cuisine': 'chinese', 'name': 'Chimney', 'opening_hours': '12:00-15:30, 19:00-23:00', 'phone': '2269201'}, personalization_score=1.4699999999999998, match_reasons=[]), PlaceSuggestion(osm_id='4429187488', name='Paradise Biriyani', location=LatLng(lat=11.3291744, lng=77.6297833), detour_minutes=2, eta_iso='2025-12-10T12:32:12.253000', tags={'amenity': 'restaurant', 'cuisine': 'chicken;indian;kebab', 'microbrewery': 'no', 'name': 'Paradise Biriyani', 'outdoor_seating': 'yes', 'takeaway': 'yes', 'wheelchair': 'limited'}, personalization_score=1.4699999999999998, match_reasons=[]), PlaceSuggestion(osm_id='4799213917', name='Adyar Ananda Bhavan', location=LatLng(lat=11.3438944, lng=77.7180832), detour_minutes=2, eta_iso='2025-12-10T12:32:12.253000', tags={'addr:city': 'Erode', 'addr:postcode': '638011', 'addr:street': 'Mettur Road', 'alt_name': 'A2B', 'amenity': 'restaurant', 'brand': 'Adyar Ananda Bhavan', 'brand:wikidata': 'Q15178238', 'brand:wikipedia': 'en:Adyar Ananda Bhavan', 'cuisine': 'regional', 'diet:vegetarian': 'only', 'email': 'info@aabsweets.com', 'food': 'veg', 'name': 'Adyar Ananda Bhavan', 'operator': 'Adyar Ananda Bhavan', 'phone': '+91 424 226 7775', 'shop': 'confectionery', 'smoking': 'no', 'website': 'https://www.aabsweets.in'}, personalization_score=1.4699999999999998, match_reasons=[]), PlaceSuggestion(osm_id='7171107860', name='Thulasi Veg Cafe', location=LatLng(lat=11.3481528, lng=77.7192708), detour_minutes=2, eta_iso='2025-12-10T12:32:12.253000', tags={'addr:street': 'Sathirodu', 'amenity': 'restaurant', 'name': 'Thulasi Veg Cafe', 'phone': '9843024475'}, personalization_score=1.3699999999999999, match_reasons=[]), PlaceSuggestion(osm_id='13197444133', name='Hotel Sree Saravana Bhavan Classic', location=LatLng(lat=11.4470353, lng=77.7452666), detour_minutes=3, eta_iso='2025-12-10T12:33:12.253000', tags={'amenity': 'restaurant', 'cuisine': 'indian', 'name': 'Hotel Sree Saravana Bhavan Classic', 'toilets': 'yes'}, personalization_score=1.3699999999999999, match_reasons=[])]}
2025-12-09 18:07:17,303 - main_osrm - INFO - DEBUG: breakfast has 5 suggestions
2025-12-09 18:07:17,304 - main_osrm - INFO - DEBUG: Suggestion 1: osm_id='9906866563' name='Café Udupi Ruchi' location=LatLng(lat=12.2547717, lng=79.6741623) detour_minutes=1 eta_iso='2025-12-10T08:14:23.253000' tags={'addr:housenumber': 'M1,M2', 'addr:postcode': '604307', 'addr:street': 'Muthu Kumaran Nagar', 'amenity': 'restaurant', 'email': 'samridhamfoods@gmail.com', 'name': 'Café Udupi Ruchi', 'opening_hours': 'Mo-Su 06:00-22:00', 'phone': '+91 73977 76263'} personalization_score=1.4699999999999998 match_reasons=[]
2025-12-09 18:07:17,304 - main_osrm - INFO - DEBUG: Suggestion 2: osm_id='2236773759' name='Krishna Restaurant' location=LatLng(lat=12.2537288, lng=79.6735672) detour_minutes=2 eta_iso='2025-12-10T08:15:23.253000' tags={'amenity': 'restaurant', 'cuisine': 'indian', 'name': 'Krishna Restaurant'} personalization_score=1.27 match_reasons=[]
2025-12-09 18:07:17,304 - main_osrm - INFO - DEBUG: Suggestion 3: osm_id='339288902' name='Hotel Vasantha Bhavan' location=LatLng(lat=12.2424747, lng=79.6655145) detour_minutes=0 eta_iso='2025-12-10T08:13:23.253000' tags={'amenity': 'restaurant', 'cuisine': 'indian', 'name': 'Hotel Vasantha Bhavan'} personalization_score=1.27 match_reasons=[]
2025-12-09 18:07:17,306 - main_osrm - INFO - DEBUG: Suggestion 4: osm_id='4670775689' name='Unknown' location=LatLng(lat=12.2405556, lng=79.6632394) detour_minutes=1 eta_iso='2025-12-10T08:14:23.253000' tags={'amenity': 'restaurant', 'name:en': 'Aaryas hotel'} personalization_score=1.17 match_reasons=[]
2025-12-09 18:07:17,306 - main_osrm - INFO - DEBUG: Suggestion 5: osm_id='5503407814' name='Padma Vilasam' location=LatLng(lat=12.2565758, lng=79.6766496) detour_minutes=1 eta_iso='2025-12-10T08:14:23.253000' tags={'amenity': 'restaurant', 'name': 'Padma Vilasam'} personalization_score=1.17 match_reasons=[]
2025-12-09 18:07:17,306 - main_osrm - INFO - DEBUG: lunch has 5 suggestions
2025-12-09 18:07:17,307 - main_osrm - INFO - DEBUG: Suggestion 1: osm_id='3943009682' name='Chimney' location=LatLng(lat=11.3311777, lng=77.7298617) detour_minutes=4 eta_iso='2025-12-10T12:34:12.253000' tags={'addr:city': 'Erode', 'addr:housenumber': '21', 'addr:street': 'Old Railway Station Rd.', 'amenity': 'restaurant', 'cuisine': 'chinese', 'name': 'Chimney', 'opening_hours': '12:00-15:30, 19:00-23:00', 'phone': '2269201'} personalization_score=1.4699999999999998 match_reasons=[]
2025-12-09 18:07:17,307 - main_osrm - INFO - DEBUG: Suggestion 2: osm_id='4429187488' name='Paradise Biriyani' location=LatLng(lat=11.3291744, lng=77.6297833) detour_minutes=2 eta_iso='2025-12-10T12:32:12.253000' tags={'amenity': 'restaurant', 'cuisine': 'chicken;indian;kebab', 'microbrewery': 'no', 'name': 'Paradise Biriyani', 'outdoor_seating': 'yes', 'takeaway': 'yes', 'wheelchair': 'limited'} personalization_score=1.4699999999999998 match_reasons=[]
2025-12-09 18:07:17,308 - main_osrm - INFO - DEBUG: Suggestion 3: osm_id='4799213917' name='Adyar Ananda Bhavan' location=LatLng(lat=11.3438944, lng=77.7180832) detour_minutes=2 eta_iso='2025-12-10T12:32:12.253000' tags={'addr:city': 'Erode', 'addr:postcode': '638011', 'addr:street': 'Mettur Road', 'alt_name': 'A2B', 'amenity': 'restaurant', 'brand': 'Adyar Ananda Bhavan', 'brand:wikidata': 'Q15178238', 'brand:wikipedia': 'en:Adyar Ananda Bhavan', 'cuisine': 'regional', 'diet:vegetarian': 'only', 'email': 'info@aabsweets.com', 'food': 'veg', 'name': 'Adyar Ananda Bhavan', 'operator': 'Adyar Ananda Bhavan', 'phone': '+91 424 226 7775', 'shop': 'confectionery', 'smoking': 'no', 'website': 'https://www.aabsweets.in'} personalization_score=1.4699999999999998 match_reasons=[]
2025-12-09 18:07:17,308 - main_osrm - INFO - DEBUG: Suggestion 4: osm_id='7171107860' name='Thulasi Veg Cafe' location=LatLng(lat=11.3481528, lng=77.7192708) detour_minutes=2 eta_iso='2025-12-10T12:32:12.253000' tags={'addr:street': 'Sathirodu', 'amenity': 'restaurant', 'name': 'Thulasi Veg Cafe', 'phone': '9843024475'} personalization_score=1.3699999999999999 match_reasons=[]
2025-12-09 18:07:17,309 - main_osrm - INFO - DEBUG: Suggestion 5: osm_id='13197444133' name='Hotel Sree Saravana Bhavan Classic' location=LatLng(lat=11.4470353, lng=77.7452666) detour_minutes=3 eta_iso='2025-12-10T12:33:12.253000' tags={'amenity': 'restaurant', 'cuisine': 'indian', 'name': 'Hotel Sree Saravana Bhavan Classic', 'toilets': 'yes'} personalization_score=1.3699999999999999 match_reasons=[]
2025-12-09 18:07:17,309 - main_osrm - INFO - DEBUG: Final response meal_suggestions: {'breakfast': [PlaceSuggestion(osm_id='9906866563', name='Café Udupi Ruchi', location=LatLng(lat=12.2547717, lng=79.6741623), detour_minutes=1, eta_iso='2025-12-10T08:14:23.253000', tags={'addr:housenumber': 'M1,M2', 'addr:postcode': '604307', 'addr:street': 'Muthu Kumaran Nagar', 'amenity': 'restaurant', 'email': 'samridhamfoods@gmail.com', 'name': 'Café Udupi Ruchi', 'opening_hours': 'Mo-Su 06:00-22:00', 'phone': '+91 73977 76263'}, personalization_score=1.4699999999999998, match_reasons=[]), PlaceSuggestion(osm_id='2236773759', name='Krishna Restaurant', location=LatLng(lat=12.2537288, lng=79.6735672), detour_minutes=2, eta_iso='2025-12-10T08:15:23.253000', tags={'amenity': 'restaurant', 'cuisine': 'indian', 'name': 'Krishna Restaurant'}, personalization_score=1.27, match_reasons=[]), PlaceSuggestion(osm_id='339288902', name='Hotel Vasantha Bhavan', location=LatLng(lat=12.2424747, lng=79.6655145), detour_minutes=0, eta_iso='2025-12-10T08:13:23.253000', tags={'amenity': 'restaurant', 'cuisine': 'indian', 'name': 'Hotel Vasantha Bhavan'}, personalization_score=1.27, match_reasons=[]), PlaceSuggestion(osm_id='4670775689', name='Unknown', location=LatLng(lat=12.2405556, lng=79.6632394), detour_minutes=1, eta_iso='2025-12-10T08:14:23.253000', tags={'amenity': 'restaurant', 'name:en': 'Aaryas hotel'}, personalization_score=1.17, match_reasons=[]), PlaceSuggestion(osm_id='5503407814', name='Padma Vilasam', location=LatLng(lat=12.2565758, lng=79.6766496), detour_minutes=1, eta_iso='2025-12-10T08:14:23.253000', tags={'amenity': 'restaurant', 'name': 'Padma Vilasam'}, personalization_score=1.17, match_reasons=[])], 'lunch': [PlaceSuggestion(osm_id='3943009682', name='Chimney', location=LatLng(lat=11.3311777, lng=77.7298617), detour_minutes=4, eta_iso='2025-12-10T12:34:12.253000', tags={'addr:city': 'Erode', 'addr:housenumber': '21', 'addr:street': 'Old Railway Station Rd.', 'amenity': 'restaurant', 'cuisine': 'chinese', 'name': 'Chimney', 'opening_hours': '12:00-15:30, 19:00-23:00', 'phone': '2269201'}, personalization_score=1.4699999999999998, match_reasons=[]), PlaceSuggestion(osm_id='4429187488', name='Paradise Biriyani', location=LatLng(lat=11.3291744, lng=77.6297833), detour_minutes=2, eta_iso='2025-12-10T12:32:12.253000', tags={'amenity': 'restaurant', 'cuisine': 'chicken;indian;kebab', 'microbrewery': 'no', 'name': 'Paradise Biriyani', 'outdoor_seating': 'yes', 'takeaway': 'yes', 'wheelchair': 'limited'}, personalization_score=1.4699999999999998, match_reasons=[]), PlaceSuggestion(osm_id='4799213917', name='Adyar Ananda Bhavan', location=LatLng(lat=11.3438944, lng=77.7180832), detour_minutes=2, eta_iso='2025-12-10T12:32:12.253000', tags={'addr:city': 'Erode', 'addr:postcode': '638011', 'addr:street': 'Mettur Road', 'alt_name': 'A2B', 'amenity': 'restaurant', 'brand': 'Adyar Ananda Bhavan', 'brand:wikidata': 'Q15178238', 'brand:wikipedia': 'en:Adyar Ananda Bhavan', 'cuisine': 'regional', 'diet:vegetarian': 'only', 'email': 'info@aabsweets.com', 'food': 'veg', 'name': 'Adyar Ananda Bhavan', 'operator': 'Adyar Ananda Bhavan', 'phone': '+91 424 226 7775', 'shop': 'confectionery', 'smoking': 'no', 'website': 'https://www.aabsweets.in'}, personalization_score=1.4699999999999998, match_reasons=[]), PlaceSuggestion(osm_id='7171107860', name='Thulasi Veg Cafe', location=LatLng(lat=11.3481528, lng=77.7192708), detour_minutes=2, eta_iso='2025-12-10T12:32:12.253000', tags={'addr:street': 'Sathirodu', 'amenity': 'restaurant', 'name': 'Thulasi Veg Cafe', 'phone': '9843024475'}, personalization_score=1.3699999999999999, match_reasons=[]), PlaceSuggestion(osm_id='13197444133', name='Hotel Sree Saravana Bhavan Classic', location=LatLng(lat=11.4470353, lng=77.7452666), detour_minutes=3, eta_iso='2025-12-10T12:33:12.253000', tags={'amenity': 'restaurant', 'cuisine': 'indian', 'name': 'Hotel Sree Saravana Bhavan Classic', 'toilets': 'yes'}, personalization_score=1.3699999999999999, match_reasons=[])]}
2025-12-09 18:07:17,310 - main_osrm - INFO - Enhanced trip created successfully. Personalization: True
2025-12-09 18:07:17,311 - main_osrm - INFO - Request: POST /trips/create - Status: 200 - Duration: 177413.18ms
2025-12-09 18:09:08,068 - main_osrm - INFO - === ENHANCED create_trip with personalization ===
2025-12-09 18:09:08,068 - main_osrm - INFO - Using explicitly passed personalization preferences: foodPreference='non-vegetarian' budget='moderate' pace='balanced' mood='adventure' companions='solo' activities=[] accessibility='none'
2025-12-09 18:09:08,069 - main_osrm - INFO - Fetching baseline OSRM route...
2025-12-09 18:09:09,260 - httpx - INFO - HTTP Request: GET http://router.project-osrm.org/route/v1/driving/80.2023035,13.0008413;76.2444378,9.9679032?overview=full&geometries=geojson&steps=true "HTTP/1.1 200 OK"
2025-12-09 18:09:09,917 - main_osrm - INFO - Baseline route: duration=33849s distance=664390.4m
2025-12-09 18:09:09,918 - main_osrm - INFO - Initial trip window: depart=2025-12-10T06:09:07.853000
2025-12-09 18:09:09,918 - main_osrm - INFO - Extracted 98 checkpoints from baseline route
2025-12-09 18:09:09,919 - main_osrm - INFO - Skipping meal 'dinner' - window doesn't intersect trip
2025-12-09 18:09:09,919 - main_osrm - INFO - Considering meals: ['breakfast', 'lunch']
2025-12-09 18:09:09,919 - main_osrm - INFO - Processing meal 'breakfast' with personalization
2025-12-09 18:09:09,919 - main_osrm - INFO - Meal 'breakfast' ETA: 2025-12-10T08:13:23.253000 at 12.249858,79.582887
2025-12-09 18:09:09,920 - main_osrm - INFO - Searching Overpass for 'restaurant' around 12.249858,79.582887 (radius=3000m)
2025-12-09 18:09:11,110 - httpx - INFO - HTTP Request: POST https://overpass-api.de/api/interpreter "HTTP/1.1 200 OK"
2025-12-09 18:09:11,111 - main_osrm - INFO - Overpass returned 0 places for breakfast at radius=3000m
2025-12-09 18:09:11,112 - main_osrm - INFO - Searching Overpass for 'restaurant' around 12.249858,79.582887 (radius=7000m)
2025-12-09 18:09:13,585 - httpx - INFO - HTTP Request: POST https://overpass-api.de/api/interpreter "HTTP/1.1 200 OK"
2025-12-09 18:09:13,586 - main_osrm - INFO - Overpass returned 0 places for breakfast at radius=7000m
2025-12-09 18:09:13,586 - main_osrm - INFO - Searching Overpass for 'restaurant' around 12.249858,79.582887 (radius=15000m)
2025-12-09 18:09:15,151 - httpx - INFO - HTTP Request: POST https://overpass-api.de/api/interpreter "HTTP/1.1 200 OK"
2025-12-09 18:09:15,152 - main_osrm - INFO - Overpass returned 9 places for breakfast at radius=15000m
2025-12-09 18:09:15,152 - main_osrm - INFO - 9 places after SMART preference filtering for breakfast
2025-12-09 18:09:15,918 - httpx - INFO - HTTP Request: GET http://router.project-osrm.org/table/v1/driving/80.2023035,13.0008413;79.6735672,12.2537288;76.2444378,9.9679032?annotations=duration "HTTP/1.1 200 OK"
2025-12-09 18:09:26,023 - httpx - INFO - HTTP Request: GET http://router.project-osrm.org/table/v1/driving/80.2023035,13.0008413;79.6632394,12.2405556;76.2444378,9.9679032?annotations=duration "HTTP/1.1 200 OK"
2025-12-09 18:09:26,991 - httpx - INFO - HTTP Request: GET http://router.project-osrm.org/table/v1/driving/80.2023035,13.0008413;79.6766496,12.2565758;76.2444378,9.9679032?annotations=duration "HTTP/1.1 200 OK"
2025-12-09 18:09:35,950 - httpx - INFO - HTTP Request: GET http://router.project-osrm.org/table/v1/driving/80.2023035,13.0008413;79.5998552,12.1445091;76.2444378,9.9679032?annotations=duration "HTTP/1.1 200 OK"
2025-12-09 18:09:46,020 - httpx - INFO - HTTP Request: GET http://router.project-osrm.org/table/v1/driving/80.2023035,13.0008413;79.6670818,12.2455286;76.2444378,9.9679032?annotations=duration "HTTP/1.1 200 OK"
2025-12-09 18:09:55,929 - httpx - INFO - HTTP Request: GET http://router.project-osrm.org/table/v1/driving/80.2023035,13.0008413;79.662011,12.239473;76.2444378,9.9679032?annotations=duration "HTTP/1.1 200 OK"
2025-12-09 18:10:05,967 - httpx - INFO - HTTP Request: GET http://router.project-osrm.org/table/v1/driving/80.2023035,13.0008413;79.6741623,12.2547717;76.2444378,9.9679032?annotations=duration "HTTP/1.1 200 OK"
2025-12-09 18:10:15,951 - httpx - INFO - HTTP Request: GET http://router.project-osrm.org/table/v1/driving/80.2023035,13.0008413;79.4924935,12.2570066;76.2444378,9.9679032?annotations=duration "HTTP/1.1 200 OK"
2025-12-09 18:10:26,053 - httpx - INFO - HTTP Request: GET http://router.project-osrm.org/table/v1/driving/80.2023035,13.0008413;79.6655145,12.2424747;76.2444378,9.9679032?annotations=duration "HTTP/1.1 200 OK"
2025-12-09 18:10:26,057 - main_osrm - INFO - 9 candidates scored for breakfast
2025-12-09 18:10:26,057 - main_osrm - INFO - Selected: Café Udupi Ruchi score=1.47 detour=1min
2025-12-09 18:10:26,057 - main_osrm - INFO - Selected: Krishna Restaurant score=1.27 detour=2min
2025-12-09 18:10:26,057 - main_osrm - INFO - Selected: Hotel Vasantha Bhavan score=1.27 detour=0min
2025-12-09 18:10:26,063 - main_osrm - INFO - Selected: Unknown score=1.17 detour=1min
2025-12-09 18:10:26,063 - main_osrm - INFO - Selected: Padma Vilasam score=1.17 detour=1min
2025-12-09 18:10:26,063 - main_osrm - INFO - Processing meal 'lunch' with personalization
2025-12-09 18:10:26,064 - main_osrm - INFO - Meal 'lunch' ETA: 2025-12-10T12:30:12.253000 at 11.427391,77.675436
2025-12-09 18:10:26,064 - main_osrm - INFO - Searching Overpass for 'restaurant' around 11.427391,77.675436 (radius=3000m)
2025-12-09 18:10:30,824 - httpx - INFO - HTTP Request: POST https://overpass-api.de/api/interpreter "HTTP/1.1 504 Gateway Timeout"
2025-12-09 18:10:30,824 - main_osrm - WARNING - Overpass API timeout (504) for query='restaurant'. Returning empty.
2025-12-09 18:10:30,824 - main_osrm - INFO - Overpass returned 0 places for lunch at radius=3000m
2025-12-09 18:10:30,824 - main_osrm - INFO - Searching Overpass for 'restaurant' around 11.427391,77.675436 (radius=7000m)
2025-12-09 18:10:33,393 - httpx - INFO - HTTP Request: POST https://overpass-api.de/api/interpreter "HTTP/1.1 200 OK"
2025-12-09 18:10:33,395 - main_osrm - INFO - Overpass returned 2 places for lunch at radius=7000m
2025-12-09 18:10:33,395 - main_osrm - INFO - 2 places after SMART preference filtering for lunch
2025-12-09 18:10:36,109 - httpx - INFO - HTTP Request: GET http://router.project-osrm.org/table/v1/driving/80.2023035,13.0008413;77.6466465,11.3725755;76.2444378,9.9679032?annotations=duration "HTTP/1.1 200 OK"
2025-12-09 18:10:46,027 - httpx - INFO - HTTP Request: GET http://router.project-osrm.org/table/v1/driving/80.2023035,13.0008413;77.6516565,11.3756705;76.2444378,9.9679032?annotations=duration "HTTP/1.1 200 OK"
2025-12-09 18:10:46,037 - main_osrm - INFO - 2 candidates scored for lunch
2025-12-09 18:10:46,037 - main_osrm - INFO - Selected: Athithi Cafe score=1.37 detour=7min
2025-12-09 18:10:46,038 - main_osrm - INFO - Selected: Canteen score=1.17 detour=9min
2025-12-09 18:10:46,038 - main_osrm - INFO - DEBUG: Meal suggestions structure: {'breakfast': [PlaceSuggestion(osm_id='9906866563', name='Café Udupi Ruchi', location=LatLng(lat=12.2547717, lng=79.6741623), detour_minutes=1, eta_iso='2025-12-10T08:14:23.253000', tags={'addr:housenumber': 'M1,M2', 'addr:postcode': '604307', 'addr:street': 'Muthu Kumaran Nagar', 'amenity': 'restaurant', 'email': 'samridhamfoods@gmail.com', 'name': 'Café Udupi Ruchi', 'opening_hours': 'Mo-Su 06:00-22:00', 'phone': '+91 73977 76263'}, personalization_score=1.4699999999999998, match_reasons=[]), PlaceSuggestion(osm_id='2236773759', name='Krishna Restaurant', location=LatLng(lat=12.2537288, lng=79.6735672), detour_minutes=2, eta_iso='2025-12-10T08:15:23.253000', tags={'amenity': 'restaurant', 'cuisine': 'indian', 'name': 'Krishna Restaurant'}, personalization_score=1.27, match_reasons=[]), PlaceSuggestion(osm_id='339288902', name='Hotel Vasantha Bhavan', location=LatLng(lat=12.2424747, lng=79.6655145), detour_minutes=0, eta_iso='2025-12-10T08:13:23.253000', tags={'amenity': 'restaurant', 'cuisine': 'indian', 'name': 'Hotel Vasantha Bhavan'}, personalization_score=1.27, match_reasons=[]), PlaceSuggestion(osm_id='4670775689', name='Unknown', location=LatLng(lat=12.2405556, lng=79.6632394), detour_minutes=1, eta_iso='2025-12-10T08:14:23.253000', tags={'amenity': 'restaurant', 'name:en': 'Aaryas hotel'}, personalization_score=1.17, match_reasons=[]), PlaceSuggestion(osm_id='5503407814', name='Padma Vilasam', location=LatLng(lat=12.2565758, lng=79.6766496), detour_minutes=1, eta_iso='2025-12-10T08:14:23.253000', tags={'amenity': 'restaurant', 'name': 'Padma Vilasam'}, personalization_score=1.17, match_reasons=[])], 'lunch': [PlaceSuggestion(osm_id='1020311868', name='Athithi Cafe', location=LatLng(lat=11.3756705, lng=77.6516565), detour_minutes=7, eta_iso='2025-12-10T12:37:12.253000', tags={'amenity': 'restaurant', 'building': 'yes', 'diet:vegetarian': 'yes', 'name': 'Athithi Cafe'}, personalization_score=1.3699999999999999, match_reasons=[]), PlaceSuggestion(osm_id='11196299038', name='Canteen', location=LatLng(lat=11.3725755, lng=77.6466465), detour_minutes=9, eta_iso='2025-12-10T12:39:12.253000', tags={'amenity': 'restaurant', 'name': 'Canteen'}, personalization_score=1.17, match_reasons=[])]}
2025-12-09 18:10:46,040 - main_osrm - INFO - DEBUG: breakfast has 5 suggestions
2025-12-09 18:10:46,040 - main_osrm - INFO - DEBUG: Suggestion 1: osm_id='9906866563' name='Café Udupi Ruchi' location=LatLng(lat=12.2547717, lng=79.6741623) detour_minutes=1 eta_iso='2025-12-10T08:14:23.253000' tags={'addr:housenumber': 'M1,M2', 'addr:postcode': '604307', 'addr:street': 'Muthu Kumaran Nagar', 'amenity': 'restaurant', 'email': 'samridhamfoods@gmail.com', 'name': 'Café Udupi Ruchi', 'opening_hours': 'Mo-Su 06:00-22:00', 'phone': '+91 73977 76263'} personalization_score=1.4699999999999998 match_reasons=[]
2025-12-09 18:10:46,041 - main_osrm - INFO - DEBUG: Suggestion 2: osm_id='2236773759' name='Krishna Restaurant' location=LatLng(lat=12.2537288, lng=79.6735672) detour_minutes=2 eta_iso='2025-12-10T08:15:23.253000' tags={'amenity': 'restaurant', 'cuisine': 'indian', 'name': 'Krishna Restaurant'} personalization_score=1.27 match_reasons=[]
2025-12-09 18:10:46,041 - main_osrm - INFO - DEBUG: Suggestion 3: osm_id='339288902' name='Hotel Vasantha Bhavan' location=LatLng(lat=12.2424747, lng=79.6655145) detour_minutes=0 eta_iso='2025-12-10T08:13:23.253000' tags={'amenity': 'restaurant', 'cuisine': 'indian', 'name': 'Hotel Vasantha Bhavan'} personalization_score=1.27 match_reasons=[]
2025-12-09 18:10:46,041 - main_osrm - INFO - DEBUG: Suggestion 4: osm_id='4670775689' name='Unknown' location=LatLng(lat=12.2405556, lng=79.6632394) detour_minutes=1 eta_iso='2025-12-10T08:14:23.253000' tags={'amenity': 'restaurant', 'name:en': 'Aaryas hotel'} personalization_score=1.17 match_reasons=[]
2025-12-09 18:10:46,042 - main_osrm - INFO - DEBUG: Suggestion 5: osm_id='5503407814' name='Padma Vilasam' location=LatLng(lat=12.2565758, lng=79.6766496) detour_minutes=1 eta_iso='2025-12-10T08:14:23.253000' tags={'amenity': 'restaurant', 'name': 'Padma Vilasam'} personalization_score=1.17 match_reasons=[]
2025-12-09 18:10:46,042 - main_osrm - INFO - DEBUG: lunch has 2 suggestions
2025-12-09 18:10:46,043 - main_osrm - INFO - DEBUG: Suggestion 1: osm_id='1020311868' name='Athithi Cafe' location=LatLng(lat=11.3756705, lng=77.6516565) detour_minutes=7 eta_iso='2025-12-10T12:37:12.253000' tags={'amenity': 'restaurant', 'building': 'yes', 'diet:vegetarian': 'yes', 'name': 'Athithi Cafe'} personalization_score=1.3699999999999999 match_reasons=[]
2025-12-09 18:10:46,043 - main_osrm - INFO - DEBUG: Suggestion 2: osm_id='11196299038' name='Canteen' location=LatLng(lat=11.3725755, lng=77.6466465) detour_minutes=9 eta_iso='2025-12-10T12:39:12.253000' tags={'amenity': 'restaurant', 'name': 'Canteen'} personalization_score=1.17 match_reasons=[]
2025-12-09 18:10:46,043 - main_osrm - INFO - DEBUG: Final response meal_suggestions: {'breakfast': [PlaceSuggestion(osm_id='9906866563', name='Café Udupi Ruchi', location=LatLng(lat=12.2547717, lng=79.6741623), detour_minutes=1, eta_iso='2025-12-10T08:14:23.253000', tags={'addr:housenumber': 'M1,M2', 'addr:postcode': '604307', 'addr:street': 'Muthu Kumaran Nagar', 'amenity': 'restaurant', 'email': 'samridhamfoods@gmail.com', 'name': 'Café Udupi Ruchi', 'opening_hours': 'Mo-Su 06:00-22:00', 'phone': '+91 73977 76263'}, personalization_score=1.4699999999999998, match_reasons=[]), PlaceSuggestion(osm_id='2236773759', name='Krishna Restaurant', location=LatLng(lat=12.2537288, lng=79.6735672), detour_minutes=2, eta_iso='2025-12-10T08:15:23.253000', tags={'amenity': 'restaurant', 'cuisine': 'indian', 'name': 'Krishna Restaurant'}, personalization_score=1.27, match_reasons=[]), PlaceSuggestion(osm_id='339288902', name='Hotel Vasantha Bhavan', location=LatLng(lat=12.2424747, lng=79.6655145), detour_minutes=0, eta_iso='2025-12-10T08:13:23.253000', tags={'amenity': 'restaurant', 'cuisine': 'indian', 'name': 'Hotel Vasantha Bhavan'}, personalization_score=1.27, match_reasons=[]), PlaceSuggestion(osm_id='4670775689', name='Unknown', location=LatLng(lat=12.2405556, lng=79.6632394), detour_minutes=1, eta_iso='2025-12-10T08:14:23.253000', tags={'amenity': 'restaurant', 'name:en': 'Aaryas hotel'}, personalization_score=1.17, match_reasons=[]), PlaceSuggestion(osm_id='5503407814', name='Padma Vilasam', location=LatLng(lat=12.2565758, lng=79.6766496), detour_minutes=1, eta_iso='2025-12-10T08:14:23.253000', tags={'amenity': 'restaurant', 'name': 'Padma Vilasam'}, personalization_score=1.17, match_reasons=[])], 'lunch': [PlaceSuggestion(osm_id='1020311868', name='Athithi Cafe', location=LatLng(lat=11.3756705, lng=77.6516565), detour_minutes=7, eta_iso='2025-12-10T12:37:12.253000', tags={'amenity': 'restaurant', 'building': 'yes', 'diet:vegetarian': 'yes', 'name': 'Athithi Cafe'}, personalization_score=1.3699999999999999, match_reasons=[]), PlaceSuggestion(osm_id='11196299038', name='Canteen', location=LatLng(lat=11.3725755, lng=77.6466465), detour_minutes=9, eta_iso='2025-12-10T12:39:12.253000', tags={'amenity': 'restaurant', 'name': 'Canteen'}, personalization_score=1.17, match_reasons=[])]}
2025-12-09 18:10:46,045 - main_osrm - INFO - Enhanced trip created successfully. Personalization: True
2025-12-09 18:10:46,045 - main_osrm - INFO - Request: POST /trips/create - Status: 200 - Duration: 97978.09ms
2025-12-09 18:16:41,735 - main_osrm - WARNING - Firebase not initialized, cannot fetch user preferences
2025-12-09 18:16:41,737 - main_osrm - INFO - Request: GET /users/zpwStsb1U3YoGkLKOaYfRcvBiGl1/preferences - Status: 404 - Duration: 7.05ms
2025-12-09 18:17:00,360 - main_osrm - INFO - === ENHANCED create_trip with personalization ===
2025-12-09 18:17:00,361 - main_osrm - INFO - Using explicitly passed personalization preferences: foodPreference='any' budget='moderate' pace='balanced' mood='adventure' companions='solo' activities=[] accessibility='none'
2025-12-09 18:17:00,362 - main_osrm - INFO - Fetching baseline OSRM route...
2025-12-09 18:17:02,379 - httpx - INFO - HTTP Request: GET http://router.project-osrm.org/route/v1/driving/80.2023035,13.0008413;80.158304,13.0320131?overview=full&geometries=geojson&steps=true "HTTP/1.1 200 OK"
2025-12-09 18:17:02,398 - main_osrm - INFO - Baseline route: duration=620s distance=7176.4m
2025-12-09 18:17:02,399 - main_osrm - INFO - Initial trip window: depart=2025-12-10T15:51:22.584000
2025-12-09 18:17:02,403 - main_osrm - INFO - Extracted 16 checkpoints from baseline route
2025-12-09 18:17:02,409 - main_osrm - INFO - Skipping meal 'breakfast' - window doesn't intersect trip
2025-12-09 18:17:02,410 - main_osrm - INFO - Skipping meal 'lunch' - window doesn't intersect trip
2025-12-09 18:17:02,410 - main_osrm - INFO - Skipping meal 'dinner' - window doesn't intersect trip
2025-12-09 18:17:02,412 - main_osrm - INFO - Considering meals: []
2025-12-09 18:17:02,415 - main_osrm - INFO - DEBUG: Meal suggestions structure: {}
2025-12-09 18:17:02,417 - main_osrm - INFO - DEBUG: Final response meal_suggestions: {}
2025-12-09 18:17:02,418 - main_osrm - INFO - Enhanced trip created successfully. Personalization: True
2025-12-09 18:17:02,420 - main_osrm - INFO - Request: POST /trips/create - Status: 200 - Duration: 2065.12ms
2025-12-11 09:24:58,867 - __main__ - INFO - Starting Routivity Trip Planner Backend MVP (OSRM + Overpass + Firebase)
2025-12-11 09:25:11,178 - __main__ - WARNING - Firebase Admin initialization failed: Your default credentials were not found. To set up Application Default Credentials, see https://cloud.google.com/docs/authentication/external/set-up-adc for more information.. Some features may not work.
2025-12-11 09:25:11,888 - main_osrm - INFO - Starting Routivity Trip Planner Backend MVP (OSRM + Overpass + Firebase)
2025-12-11 09:25:23,827 - main_osrm - WARNING - Firebase Admin initialization failed: Your default credentials were not found. To set up Application Default Credentials, see https://cloud.google.com/docs/authentication/external/set-up-adc for more information.. Some features may not work.
2025-12-11 09:31:50,431 - main_osrm - WARNING - Firebase not initialized, cannot fetch user preferences
2025-12-11 09:31:50,431 - main_osrm - INFO - Request: GET /users/zpwStsb1U3YoGkLKOaYfRcvBiGl1/preferences - Status: 404 - Duration: 0.00ms
2025-12-11 09:32:10,738 - main_osrm - WARNING - Firebase not initialized, cannot fetch user preferences
2025-12-11 09:32:10,740 - main_osrm - INFO - Request: GET /users/zpwStsb1U3YoGkLKOaYfRcvBiGl1/preferences - Status: 404 - Duration: 12.06ms
2025-12-11 09:32:32,706 - main_osrm - INFO - === ENHANCED create_trip with personalization ===
2025-12-11 09:32:32,718 - main_osrm - INFO - Using explicitly passed personalization preferences: foodPreference='non-vegetarian' budget='moderate' pace='balanced' mood='adventure' companions='solo' activities=[] accessibility='none'
2025-12-11 09:32:32,718 - main_osrm - INFO - Fetching baseline OSRM route...
2025-12-11 09:32:34,821 - httpx - INFO - HTTP Request: GET http://router.project-osrm.org/route/v1/driving/80.2023035,13.0008413;77.0796084,10.8124445?overview=full&geometries=geojson&steps=true "HTTP/1.1 200 OK"
2025-12-11 09:32:35,827 - main_osrm - INFO - Baseline route: duration=24464s distance=490935.7m
2025-12-11 09:32:35,827 - main_osrm - INFO - Initial trip window: depart=2025-12-12T00:29:26.560000
2025-12-11 09:32:35,827 - main_osrm - INFO - Extracted 82 checkpoints from baseline route
2025-12-11 09:32:35,827 - main_osrm - INFO - Skipping meal 'lunch' - window doesn't intersect trip
2025-12-11 09:32:35,827 - main_osrm - INFO - Skipping meal 'dinner' - window doesn't intersect trip
2025-12-11 09:32:35,827 - main_osrm - INFO - Considering meals: ['breakfast']
2025-12-11 09:32:35,827 - main_osrm - INFO - Processing meal 'breakfast' with personalization
2025-12-11 09:32:35,827 - main_osrm - INFO - Meal 'breakfast' ETA: 2025-12-12T07:17:10.560000 at 10.812551,77.079491
2025-12-11 09:32:35,827 - main_osrm - INFO - Searching Overpass for 'restaurant' around 10.812551,77.079491 (radius=3000m)
2025-12-11 09:32:40,855 - httpx - INFO - HTTP Request: POST https://overpass-api.de/api/interpreter "HTTP/1.1 200 OK"
2025-12-11 09:32:40,858 - main_osrm - INFO - Overpass returned 0 places for breakfast at radius=3000m
2025-12-11 09:32:40,858 - main_osrm - INFO - Searching Overpass for 'restaurant' around 10.812551,77.079491 (radius=7000m)
2025-12-11 09:32:41,988 - httpx - INFO - HTTP Request: POST https://overpass-api.de/api/interpreter "HTTP/1.1 200 OK"
2025-12-11 09:32:41,990 - main_osrm - INFO - Overpass returned 0 places for breakfast at radius=7000m
2025-12-11 09:32:41,991 - main_osrm - INFO - Searching Overpass for 'restaurant' around 10.812551,77.079491 (radius=15000m)
2025-12-11 09:32:43,667 - httpx - INFO - HTTP Request: POST https://overpass-api.de/api/interpreter "HTTP/1.1 200 OK"
2025-12-11 09:32:43,677 - main_osrm - INFO - Overpass returned 0 places for breakfast at radius=15000m
2025-12-11 09:32:43,678 - main_osrm - WARNING - No places found for breakfast
2025-12-11 09:32:43,678 - main_osrm - INFO - DEBUG: Meal suggestions structure: {'breakfast': []}
2025-12-11 09:32:43,680 - main_osrm - INFO - DEBUG: breakfast has 0 suggestions
2025-12-11 09:32:43,680 - main_osrm - INFO - DEBUG: Final response meal_suggestions: {'breakfast': []}
2025-12-11 09:32:43,680 - main_osrm - INFO - Enhanced trip created successfully. Personalization: True
2025-12-11 09:32:43,682 - main_osrm - INFO - Request: POST /trips/create - Status: 200 - Duration: 10976.15ms
2025-12-11 09:33:46,543 - main_osrm - INFO - === ENHANCED create_trip with personalization ===
2025-12-11 09:33:46,546 - main_osrm - INFO - Using explicitly passed personalization preferences: foodPreference='non-vegetarian' budget='moderate' pace='balanced' mood='adventure' companions='solo' activities=[] accessibility='none'
2025-12-11 09:33:46,546 - main_osrm - INFO - Fetching baseline OSRM route...
2025-12-11 09:33:47,392 - httpx - INFO - HTTP Request: GET http://router.project-osrm.org/route/v1/driving/80.2023035,13.0008413;77.833333,9.833333?overview=full&geometries=geojson&steps=true "HTTP/1.1 200 OK"
2025-12-11 09:33:48,102 - main_osrm - INFO - Baseline route: duration=24813s distance=478349.4m
2025-12-11 09:33:48,102 - main_osrm - INFO - Initial trip window: depart=2025-12-12T00:23:37.560000
2025-12-11 09:33:48,102 - main_osrm - INFO - Extracted 62 checkpoints from baseline route
2025-12-11 09:33:48,102 - main_osrm - INFO - Skipping meal 'lunch' - window doesn't intersect trip
2025-12-11 09:33:48,102 - main_osrm - INFO - Skipping meal 'dinner' - window doesn't intersect trip
2025-12-11 09:33:48,102 - main_osrm - INFO - Considering meals: ['breakfast']
2025-12-11 09:33:48,102 - main_osrm - INFO - Processing meal 'breakfast' with personalization
2025-12-11 09:33:48,117 - main_osrm - INFO - Meal 'breakfast' ETA: 2025-12-12T07:17:10.960000 at 9.835472,77.843494
2025-12-11 09:33:48,117 - main_osrm - INFO - Searching Overpass for 'restaurant' around 9.835472,77.843494 (radius=3000m)
2025-12-11 09:33:49,199 - httpx - INFO - HTTP Request: POST https://overpass-api.de/api/interpreter "HTTP/1.1 200 OK"
2025-12-11 09:33:49,211 - main_osrm - INFO - Overpass returned 0 places for breakfast at radius=3000m
2025-12-11 09:33:49,211 - main_osrm - INFO - Searching Overpass for 'restaurant' around 9.835472,77.843494 (radius=7000m)
2025-12-11 09:33:50,526 - httpx - INFO - HTTP Request: POST https://overpass-api.de/api/interpreter "HTTP/1.1 200 OK"
2025-12-11 09:33:50,532 - main_osrm - INFO - Overpass returned 0 places for breakfast at radius=7000m
2025-12-11 09:33:50,535 - main_osrm - INFO - Searching Overpass for 'restaurant' around 9.835472,77.843494 (radius=15000m)
2025-12-11 09:33:51,768 - httpx - INFO - HTTP Request: POST https://overpass-api.de/api/interpreter "HTTP/1.1 200 OK"
2025-12-11 09:33:51,771 - main_osrm - INFO - Overpass returned 1 places for breakfast at radius=15000m
2025-12-11 09:33:51,772 - main_osrm - INFO - 1 places after SMART preference filtering for breakfast
2025-12-11 09:33:52,576 - httpx - INFO - HTTP Request: GET http://router.project-osrm.org/table/v1/driving/80.2023035,13.0008413;77.9453352,9.79051;77.833333,9.833333?annotations=duration "HTTP/1.1 200 OK"
2025-12-11 09:33:52,576 - main_osrm - INFO - 1 candidates scored for breakfast
2025-12-11 09:33:52,589 - main_osrm - INFO - Selected: Unknown score=1.17 detour=6min
2025-12-11 09:33:52,589 - main_osrm - INFO - DEBUG: Meal suggestions structure: {'breakfast': [PlaceSuggestion(osm_id='4729289190', name='Unknown', location=LatLng(lat=9.79051, lng=77.9453352), detour_minutes=6, eta_iso='2025-12-12T07:23:10.960000', tags={'amenity': 'restaurant', 'name:en': 'Karmuhil Food Corner'}, personalization_score=1.17, match_reasons=[])]}
2025-12-11 09:33:52,590 - main_osrm - INFO - DEBUG: breakfast has 1 suggestions
2025-12-11 09:33:52,590 - main_osrm - INFO - DEBUG: Suggestion 1: osm_id='4729289190' name='Unknown' location=LatLng(lat=9.79051, lng=77.9453352) detour_minutes=6 eta_iso='2025-12-12T07:23:10.960000' tags={'amenity': 'restaurant', 'name:en': 'Karmuhil Food Corner'} personalization_score=1.17 match_reasons=[]
2025-12-11 09:33:52,590 - main_osrm - INFO - DEBUG: Final response meal_suggestions: {'breakfast': [PlaceSuggestion(osm_id='4729289190', name='Unknown', location=LatLng(lat=9.79051, lng=77.9453352), detour_minutes=6, eta_iso='2025-12-12T07:23:10.960000', tags={'amenity': 'restaurant', 'name:en': 'Karmuhil Food Corner'}, personalization_score=1.17, match_reasons=[])]}
2025-12-11 09:33:52,590 - main_osrm - INFO - Enhanced trip created successfully. Personalization: True
2025-12-11 09:33:52,591 - main_osrm - INFO - Request: POST /trips/create - Status: 200 - Duration: 6047.95ms
2025-12-11 10:04:06,006 - __main__ - INFO - Starting Routivity Trip Planner Backend MVP (OSRM + Overpass + Firebase)
2025-12-11 10:04:18,160 - __main__ - WARNING - Firebase Admin initialization failed: Your default credentials were not found. To set up Application Default Credentials, see https://cloud.google.com/docs/authentication/external/set-up-adc for more information.. Some features may not work.
2025-12-11 10:04:18,935 - main_osrm - INFO - Starting Routivity Trip Planner Backend MVP (OSRM + Overpass + Firebase)
2025-12-11 10:04:30,866 - main_osrm - WARNING - Firebase Admin initialization failed: Your default credentials were not found. To set up Application Default Credentials, see https://cloud.google.com/docs/authentication/external/set-up-adc for more information.. Some features may not work.
2025-12-11 10:10:18,369 - __main__ - INFO - Starting Routivity Trip Planner Backend MVP (OSRM + Overpass + Firebase)
2025-12-11 10:10:30,390 - __main__ - WARNING - Firebase Admin initialization failed: Your default credentials were not found. To set up Application Default Credentials, see https://cloud.google.com/docs/authentication/external/set-up-adc for more information.. Some features may not work.
2025-12-11 10:10:30,505 - main_osrm - INFO - Starting Routivity Trip Planner Backend MVP (OSRM + Overpass + Firebase)
2025-12-11 10:10:42,405 - main_osrm - WARNING - Firebase Admin initialization failed: Your default credentials were not found. To set up Application Default Credentials, see https://cloud.google.com/docs/authentication/external/set-up-adc for more information.. Some features may not work.
2025-12-11 10:10:43,239 - main_osrm - WARNING - Firebase not initialized, cannot fetch user preferences
2025-12-11 10:10:43,241 - main_osrm - INFO - Request: GET /users/zpwStsb1U3YoGkLKOaYfRcvBiGl1/preferences - Status: 404 - Duration: 2.81ms
2025-12-11 10:10:59,368 - main_osrm - INFO - === ENHANCED create_trip with personalization ===
2025-12-11 10:10:59,368 - main_osrm - INFO - Using explicitly passed personalization preferences: foodPreference='any' budget='moderate' pace='balanced' mood='adventure' companions='solo' activities=[] accessibility='none'
2025-12-11 10:10:59,368 - main_osrm - INFO - Fetching baseline OSRM route...
2025-12-11 10:11:01,936 - httpx - INFO - HTTP Request: GET http://router.project-osrm.org/route/v1/driving/80.2023035,13.0008413;77.0796084,10.8124445?overview=full&geometries=geojson&steps=true "HTTP/1.1 200 OK"
2025-12-11 10:11:02,771 - main_osrm - INFO - Baseline route: duration=24464s distance=490935.7m
2025-12-11 10:11:02,771 - main_osrm - INFO - Initial trip window: depart=2025-12-12T01:07:58.955000
2025-12-11 10:11:02,771 - main_osrm - INFO - Extracted 82 checkpoints from baseline route
2025-12-11 10:11:02,771 - main_osrm - INFO - Skipping meal 'lunch' - window doesn't intersect trip
2025-12-11 10:11:02,771 - main_osrm - INFO - Skipping meal 'dinner' - window doesn't intersect trip
2025-12-11 10:11:02,771 - main_osrm - INFO - Considering meals: ['breakfast']
2025-12-11 10:11:02,771 - main_osrm - INFO - Processing meal 'breakfast' with personalization
2025-12-11 10:11:02,771 - main_osrm - INFO - Meal 'breakfast' ETA: 2025-12-12T07:55:42.955000 at 10.812551,77.079491
2025-12-11 10:11:02,771 - main_osrm - INFO - Searching Overpass for 'restaurant' around 10.812551,77.079491 (radius=3000m)
2025-12-11 10:11:07,958 - httpx - INFO - HTTP Request: POST https://overpass-api.de/api/interpreter "HTTP/1.1 200 OK"
2025-12-11 10:11:07,958 - main_osrm - INFO - Overpass returned 0 places for breakfast at radius=3000m
2025-12-11 10:11:07,959 - main_osrm - INFO - Searching Overpass for 'restaurant' around 10.812551,77.079491 (radius=7000m)
2025-12-11 10:11:09,426 - httpx - INFO - HTTP Request: POST https://overpass-api.de/api/interpreter "HTTP/1.1 200 OK"
2025-12-11 10:11:09,426 - main_osrm - INFO - Overpass returned 0 places for breakfast at radius=7000m
2025-12-11 10:11:09,426 - main_osrm - INFO - Searching Overpass for 'restaurant' around 10.812551,77.079491 (radius=15000m)
2025-12-11 10:11:10,606 - httpx - INFO - HTTP Request: POST https://overpass-api.de/api/interpreter "HTTP/1.1 200 OK"
2025-12-11 10:11:10,606 - main_osrm - INFO - Overpass returned 0 places for breakfast at radius=15000m
2025-12-11 10:11:10,606 - main_osrm - WARNING - No places found for breakfast
2025-12-11 10:11:10,606 - main_osrm - INFO - DEBUG: Meal suggestions structure: {'breakfast': []}
2025-12-11 10:11:10,606 - main_osrm - INFO - DEBUG: breakfast has 0 suggestions
2025-12-11 10:11:10,606 - main_osrm - INFO - Searching for tourist spots along the route...
2025-12-11 10:11:10,606 - main_osrm - INFO - Searching for tourist spots along the route...
2025-12-11 10:11:12,883 - httpx - INFO - HTTP Request: POST https://overpass-api.de/api/interpreter "HTTP/1.1 200 OK"
2025-12-11 10:11:15,339 - httpx - INFO - HTTP Request: POST https://overpass-api.de/api/interpreter "HTTP/1.1 200 OK"
2025-12-11 10:11:17,451 - httpx - INFO - HTTP Request: POST https://overpass-api.de/api/interpreter "HTTP/1.1 200 OK"
2025-12-11 10:11:17,451 - main_osrm - INFO - Found 0 potential tourist spots
2025-12-11 10:11:17,451 - main_osrm - INFO - Final Selection: 0 tourist spots
2025-12-11 10:11:17,451 - main_osrm - INFO - DEBUG: Final response meal_suggestions: {'breakfast': []}
2025-12-11 10:11:17,451 - main_osrm - INFO - Enhanced trip created successfully. Personalization: True
2025-12-11 10:11:17,451 - main_osrm - INFO - Request: POST /trips/create - Status: 200 - Duration: 18082.79ms
2025-12-11 10:12:33,020 - main_osrm - INFO - === ENHANCED create_trip with personalization ===
2025-12-11 10:12:33,020 - main_osrm - INFO - Using explicitly passed personalization preferences: foodPreference='any' budget='moderate' pace='balanced' mood='adventure' companions='solo' activities=[] accessibility='none'
2025-12-11 10:12:33,020 - main_osrm - INFO - Fetching baseline OSRM route...
2025-12-11 10:12:33,987 - httpx - INFO - HTTP Request: GET http://router.project-osrm.org/route/v1/driving/80.2023035,13.0008413;77.833333,9.833333?overview=full&geometries=geojson&steps=true "HTTP/1.1 200 OK"
2025-12-11 10:12:36,789 - main_osrm - INFO - Baseline route: duration=24813s distance=478349.4m
2025-12-11 10:12:36,789 - main_osrm - INFO - Initial trip window: depart=2025-12-12T01:02:09.955000
2025-12-11 10:12:36,789 - main_osrm - INFO - Extracted 62 checkpoints from baseline route
2025-12-11 10:12:36,791 - main_osrm - INFO - Skipping meal 'lunch' - window doesn't intersect trip
2025-12-11 10:12:36,791 - main_osrm - INFO - Skipping meal 'dinner' - window doesn't intersect trip
2025-12-11 10:12:36,792 - main_osrm - INFO - Considering meals: ['breakfast']
2025-12-11 10:12:36,792 - main_osrm - INFO - Processing meal 'breakfast' with personalization
2025-12-11 10:12:36,792 - main_osrm - INFO - Meal 'breakfast' ETA: 2025-12-12T07:55:43.355000 at 9.835472,77.843494
2025-12-11 10:12:36,792 - main_osrm - INFO - Searching Overpass for 'restaurant' around 9.835472,77.843494 (radius=3000m)
2025-12-11 10:12:38,048 - httpx - INFO - HTTP Request: POST https://overpass-api.de/api/interpreter "HTTP/1.1 200 OK"
2025-12-11 10:12:38,048 - main_osrm - INFO - Overpass returned 0 places for breakfast at radius=3000m
2025-12-11 10:12:38,048 - main_osrm - INFO - Searching Overpass for 'restaurant' around 9.835472,77.843494 (radius=7000m)
2025-12-11 10:12:39,810 - httpx - INFO - HTTP Request: POST https://overpass-api.de/api/interpreter "HTTP/1.1 200 OK"
2025-12-11 10:12:39,810 - main_osrm - INFO - Overpass returned 0 places for breakfast at radius=7000m
2025-12-11 10:12:39,810 - main_osrm - INFO - Searching Overpass for 'restaurant' around 9.835472,77.843494 (radius=15000m)
2025-12-11 10:12:41,259 - httpx - INFO - HTTP Request: POST https://overpass-api.de/api/interpreter "HTTP/1.1 200 OK"
2025-12-11 10:12:41,259 - main_osrm - INFO - Overpass returned 1 places for breakfast at radius=15000m
2025-12-11 10:12:41,261 - main_osrm - INFO - 1 places after SMART preference filtering for breakfast
2025-12-11 10:12:42,072 - httpx - INFO - HTTP Request: GET http://router.project-osrm.org/table/v1/driving/80.2023035,13.0008413;77.9453352,9.79051;77.833333,9.833333?annotations=duration "HTTP/1.1 200 OK"
2025-12-11 10:12:42,072 - main_osrm - INFO - 1 candidates scored for breakfast
2025-12-11 10:12:42,072 - main_osrm - INFO - Selected: Unknown score=1.17 detour=6min
2025-12-11 10:12:42,072 - main_osrm - INFO - DEBUG: Meal suggestions structure: {'breakfast': [PlaceSuggestion(osm_id='4729289190', name='Unknown', location=LatLng(lat=9.79051, lng=77.9453352), detour_minutes=6, eta_iso='2025-12-12T08:01:43.355000', tags={'amenity': 'restaurant', 'name:en': 'Karmuhil Food Corner'}, personalization_score=1.17, match_reasons=[])]}
2025-12-11 10:12:42,072 - main_osrm - INFO - DEBUG: breakfast has 1 suggestions
2025-12-11 10:12:42,072 - main_osrm - INFO - DEBUG: Suggestion 1: osm_id='4729289190' name='Unknown' location=LatLng(lat=9.79051, lng=77.9453352) detour_minutes=6 eta_iso='2025-12-12T08:01:43.355000' tags={'amenity': 'restaurant', 'name:en': 'Karmuhil Food Corner'} personalization_score=1.17 match_reasons=[]
2025-12-11 10:12:42,082 - main_osrm - INFO - Searching for tourist spots along the route...
2025-12-11 10:12:42,083 - main_osrm - INFO - Searching for tourist spots along the route...
2025-12-11 10:12:44,633 - httpx - INFO - HTTP Request: POST https://overpass-api.de/api/interpreter "HTTP/1.1 200 OK"
2025-12-11 10:12:47,732 - httpx - INFO - HTTP Request: POST https://overpass-api.de/api/interpreter "HTTP/1.1 200 OK"
2025-12-11 10:12:50,574 - httpx - INFO - HTTP Request: POST https://overpass-api.de/api/interpreter "HTTP/1.1 200 OK"
2025-12-11 10:12:50,584 - main_osrm - INFO - Found 25 potential tourist spots
2025-12-11 10:12:52,206 - httpx - INFO - HTTP Request: GET http://router.project-osrm.org/table/v1/driving/80.2023035,13.0008413;78.1386083,9.9298787;77.833333,9.833333?annotations=duration "HTTP/1.1 200 OK"
2025-12-11 10:13:02,144 - httpx - INFO - HTTP Request: GET http://router.project-osrm.org/table/v1/driving/80.2023035,13.0008413;78.1232992,9.9197522;77.833333,9.833333?annotations=duration "HTTP/1.1 200 OK"
2025-12-11 10:13:12,177 - httpx - INFO - HTTP Request: GET http://router.project-osrm.org/table/v1/driving/80.2023035,13.0008413;78.1232384,9.9202673;77.833333,9.833333?annotations=duration "HTTP/1.1 200 OK"
2025-12-11 10:13:22,212 - httpx - INFO - HTTP Request: GET http://router.project-osrm.org/table/v1/driving/80.2023035,13.0008413;78.138719,9.9303356;77.833333,9.833333?annotations=duration "HTTP/1.1 200 OK"
2025-12-11 10:13:32,061 - httpx - INFO - HTTP Request: GET http://router.project-osrm.org/table/v1/driving/80.2023035,13.0008413;78.0934407,9.9190357;77.833333,9.833333?annotations=duration "HTTP/1.1 200 OK"
2025-12-11 10:13:42,198 - httpx - INFO - HTTP Request: GET http://router.project-osrm.org/table/v1/driving/80.2023035,13.0008413;78.090045,9.8901427;77.833333,9.833333?annotations=duration "HTTP/1.1 200 OK"
2025-12-11 10:13:52,111 - httpx - INFO - HTTP Request: GET http://router.project-osrm.org/table/v1/driving/80.2023035,13.0008413;78.1238724,9.9148737;77.833333,9.833333?annotations=duration "HTTP/1.1 200 OK"
2025-12-11 10:14:02,191 - httpx - INFO - HTTP Request: GET http://router.project-osrm.org/table/v1/driving/80.2023035,13.0008413;78.1978252,9.972149;77.833333,9.833333?annotations=duration "HTTP/1.1 200 OK"
2025-12-11 10:14:12,089 - httpx - INFO - HTTP Request: GET http://router.project-osrm.org/table/v1/driving/80.2023035,13.0008413;78.123201,9.924483;77.833333,9.833333?annotations=duration "HTTP/1.1 200 OK"
2025-12-11 10:14:22,208 - httpx - INFO - HTTP Request: GET http://router.project-osrm.org/table/v1/driving/80.2023035,13.0008413;78.1217676,9.9202504;77.833333,9.833333?annotations=duration "HTTP/1.1 200 OK"
2025-12-11 10:14:33,375 - httpx - INFO - HTTP Request: GET http://router.project-osrm.org/table/v1/driving/80.2023035,13.0008413;78.1377743,9.9298472;77.833333,9.833333?annotations=duration "HTTP/1.1 200 OK"
2025-12-11 10:14:42,189 - httpx - INFO - HTTP Request: GET http://router.project-osrm.org/table/v1/driving/80.2023035,13.0008413;78.0395727,9.9683143;77.833333,9.833333?annotations=duration "HTTP/1.1 200 OK"
2025-12-11 10:14:43,436 - httpx - INFO - HTTP Request: GET http://router.project-osrm.org/table/v1/driving/80.2023035,13.0008413;78.1237591,9.9177832;77.833333,9.833333?annotations=duration "HTTP/1.1 200 OK"
2025-12-11 10:14:52,235 - httpx - INFO - HTTP Request: GET http://router.project-osrm.org/table/v1/driving/80.2023035,13.0008413;78.0444744,9.9242181;77.833333,9.833333?annotations=duration "HTTP/1.1 200 OK"
2025-12-11 10:15:02,257 - httpx - INFO - HTTP Request: GET http://router.project-osrm.org/table/v1/driving/80.2023035,13.0008413;78.1446117,9.9363015;77.833333,9.833333?annotations=duration "HTTP/1.1 200 OK"
2025-12-11 10:15:12,189 - httpx - INFO - HTTP Request: GET http://router.project-osrm.org/table/v1/driving/80.2023035,13.0008413;78.1381111,9.9295445;77.833333,9.833333?annotations=duration "HTTP/1.1 200 OK"
2025-12-11 10:15:22,234 - httpx - INFO - HTTP Request: GET http://router.project-osrm.org/table/v1/driving/80.2023035,13.0008413;78.1207747,9.9016696;77.833333,9.833333?annotations=duration "HTTP/1.1 200 OK"
2025-12-11 10:15:32,150 - httpx - INFO - HTTP Request: GET http://router.project-osrm.org/table/v1/driving/80.2023035,13.0008413;78.1523806,9.9099739;77.833333,9.833333?annotations=duration "HTTP/1.1 200 OK"
2025-12-11 10:15:42,191 - httpx - INFO - HTTP Request: GET http://router.project-osrm.org/table/v1/driving/80.2023035,13.0008413;78.044264,9.9352443;77.833333,9.833333?annotations=duration "HTTP/1.1 200 OK"
2025-12-11 10:15:43,228 - httpx - INFO - HTTP Request: GET http://router.project-osrm.org/table/v1/driving/80.2023035,13.0008413;78.1236811,9.9170206;77.833333,9.833333?annotations=duration "HTTP/1.1 200 OK"
2025-12-11 10:15:52,146 - httpx - INFO - HTTP Request: GET http://router.project-osrm.org/table/v1/driving/80.2023035,13.0008413;78.1868419,9.9647267;77.833333,9.833333?annotations=duration "HTTP/1.1 200 OK"
2025-12-11 10:16:02,128 - httpx - INFO - HTTP Request: GET http://router.project-osrm.org/table/v1/driving/80.2023035,13.0008413;78.0993415,9.9035421;77.833333,9.833333?annotations=duration "HTTP/1.1 200 OK"
2025-12-11 10:16:12,141 - httpx - INFO - HTTP Request: GET http://router.project-osrm.org/table/v1/driving/80.2023035,13.0008413;78.0710414,9.8796456;77.833333,9.833333?annotations=duration "HTTP/1.1 200 OK"
2025-12-11 10:16:22,145 - httpx - INFO - HTTP Request: GET http://router.project-osrm.org/table/v1/driving/80.2023035,13.0008413;78.0475677,9.9226978;77.833333,9.833333?annotations=duration "HTTP/1.1 200 OK"
2025-12-11 10:16:32,147 - httpx - INFO - HTTP Request: GET http://router.project-osrm.org/table/v1/driving/80.2023035,13.0008413;78.0931302,9.9189578;77.833333,9.833333?annotations=duration "HTTP/1.1 200 OK"
2025-12-11 10:16:32,150 - main_osrm - INFO - Final Selection: 10 tourist spots
2025-12-11 10:16:32,150 - main_osrm - INFO - DEBUG: Final response meal_suggestions: {'breakfast': [PlaceSuggestion(osm_id='4729289190', name='Unknown', location=LatLng(lat=9.79051, lng=77.9453352), detour_minutes=6, eta_iso='2025-12-12T08:01:43.355000', tags={'amenity': 'restaurant', 'name:en': 'Karmuhil Food Corner'}, personalization_score=1.17, match_reasons=[])]}
2025-12-11 10:16:32,150 - main_osrm - INFO - Enhanced trip created successfully. Personalization: True
2025-12-11 10:16:32,150 - main_osrm - INFO - Request: POST /trips/create - Status: 200 - Duration: 239130.55ms
2025-12-11 10:22:12,892 - main_osrm - INFO - === ENHANCED create_trip with personalization ===
2025-12-11 10:22:12,892 - main_osrm - INFO - Using explicitly passed personalization preferences: foodPreference='any' budget='moderate' pace='balanced' mood='adventure' companions='solo' activities=[] accessibility='none'
2025-12-11 10:22:12,892 - main_osrm - INFO - Fetching baseline OSRM route...
2025-12-11 10:22:13,776 - httpx - INFO - HTTP Request: GET http://router.project-osrm.org/route/v1/driving/80.2023035,13.0008413;77.833333,9.833333?overview=full&geometries=geojson&steps=true "HTTP/1.1 200 OK"
2025-12-11 10:22:15,330 - main_osrm - INFO - Baseline route: duration=24813s distance=478349.4m
2025-12-11 10:22:15,330 - main_osrm - INFO - Initial trip window: depart=2025-12-12T01:02:09.955000
2025-12-11 10:22:15,330 - main_osrm - INFO - Extracted 62 checkpoints from baseline route
2025-12-11 10:22:15,330 - main_osrm - INFO - Skipping meal 'lunch' - window doesn't intersect trip
2025-12-11 10:22:15,330 - main_osrm - INFO - Skipping meal 'dinner' - window doesn't intersect trip
2025-12-11 10:22:15,339 - main_osrm - INFO - Considering meals: ['breakfast']
2025-12-11 10:22:15,339 - main_osrm - INFO - Processing meal 'breakfast' with personalization
2025-12-11 10:22:15,339 - main_osrm - INFO - Meal 'breakfast' ETA: 2025-12-12T07:55:43.355000 at 9.835472,77.843494
2025-12-11 10:22:15,339 - main_osrm - INFO - Searching Overpass for 'restaurant' around 9.835472,77.843494 (radius=3000m)
2025-12-11 10:22:16,545 - httpx - INFO - HTTP Request: POST https://overpass-api.de/api/interpreter "HTTP/1.1 200 OK"
2025-12-11 10:22:16,545 - main_osrm - INFO - Overpass returned 0 places for breakfast at radius=3000m
2025-12-11 10:22:16,545 - main_osrm - INFO - Searching Overpass for 'restaurant' around 9.835472,77.843494 (radius=7000m)
2025-12-11 10:22:17,791 - httpx - INFO - HTTP Request: POST https://overpass-api.de/api/interpreter "HTTP/1.1 200 OK"
2025-12-11 10:22:17,791 - main_osrm - INFO - Overpass returned 0 places for breakfast at radius=7000m
2025-12-11 10:22:17,791 - main_osrm - INFO - Searching Overpass for 'restaurant' around 9.835472,77.843494 (radius=15000m)
2025-12-11 10:22:18,978 - httpx - INFO - HTTP Request: POST https://overpass-api.de/api/interpreter "HTTP/1.1 200 OK"
2025-12-11 10:22:18,979 - main_osrm - INFO - Overpass returned 1 places for breakfast at radius=15000m
2025-12-11 10:22:18,981 - main_osrm - INFO - 1 places after SMART preference filtering for breakfast
2025-12-11 10:22:19,809 - httpx - INFO - HTTP Request: GET http://router.project-osrm.org/table/v1/driving/80.2023035,13.0008413;77.9453352,9.79051;77.833333,9.833333?annotations=duration "HTTP/1.1 200 OK"
2025-12-11 10:22:19,823 - main_osrm - INFO - 1 candidates scored for breakfast
2025-12-11 10:22:19,825 - main_osrm - INFO - Selected: Unknown score=1.17 detour=6min
2025-12-11 10:22:19,825 - main_osrm - INFO - DEBUG: Meal suggestions structure: {'breakfast': [PlaceSuggestion(osm_id='4729289190', name='Unknown', location=LatLng(lat=9.79051, lng=77.9453352), detour_minutes=6, eta_iso='2025-12-12T08:01:43.355000', tags={'amenity': 'restaurant', 'name:en': 'Karmuhil Food Corner'}, personalization_score=1.17, match_reasons=[])]}
2025-12-11 10:22:19,825 - main_osrm - INFO - DEBUG: breakfast has 1 suggestions
2025-12-11 10:22:19,825 - main_osrm - INFO - DEBUG: Suggestion 1: osm_id='4729289190' name='Unknown' location=LatLng(lat=9.79051, lng=77.9453352) detour_minutes=6 eta_iso='2025-12-12T08:01:43.355000' tags={'amenity': 'restaurant', 'name:en': 'Karmuhil Food Corner'} personalization_score=1.17 match_reasons=[]
2025-12-11 10:22:19,830 - main_osrm - INFO - Searching for tourist spots along the route...
2025-12-11 10:22:19,830 - main_osrm - INFO - Searching for tourist spots along the route...
2025-12-11 10:22:24,116 - httpx - INFO - HTTP Request: POST https://overpass-api.de/api/interpreter "HTTP/1.1 200 OK"
2025-12-11 10:22:26,491 - httpx - INFO - HTTP Request: POST https://overpass-api.de/api/interpreter "HTTP/1.1 200 OK"
2025-12-11 10:22:28,934 - httpx - INFO - HTTP Request: POST https://overpass-api.de/api/interpreter "HTTP/1.1 200 OK"
2025-12-11 10:22:28,937 - main_osrm - INFO - Found 25 potential tourist spots
2025-12-11 10:22:29,851 - httpx - INFO - HTTP Request: GET http://router.project-osrm.org/table/v1/driving/80.2023035,13.0008413;78.1386083,9.9298787;77.833333,9.833333?annotations=duration "HTTP/1.1 200 OK"
2025-12-11 10:22:39,827 - httpx - INFO - HTTP Request: GET http://router.project-osrm.org/table/v1/driving/80.2023035,13.0008413;78.1232992,9.9197522;77.833333,9.833333?annotations=duration "HTTP/1.1 200 OK"
2025-12-11 10:22:49,839 - httpx - INFO - HTTP Request: GET http://router.project-osrm.org/table/v1/driving/80.2023035,13.0008413;78.1232384,9.9202673;77.833333,9.833333?annotations=duration "HTTP/1.1 200 OK"
2025-12-11 10:22:59,898 - httpx - INFO - HTTP Request: GET http://router.project-osrm.org/table/v1/driving/80.2023035,13.0008413;78.138719,9.9303356;77.833333,9.833333?annotations=duration "HTTP/1.1 200 OK"
2025-12-11 10:23:09,892 - httpx - INFO - HTTP Request: GET http://router.project-osrm.org/table/v1/driving/80.2023035,13.0008413;78.0934407,9.9190357;77.833333,9.833333?annotations=duration "HTTP/1.1 200 OK"
2025-12-11 10:23:19,935 - httpx - INFO - HTTP Request: GET http://router.project-osrm.org/table/v1/driving/80.2023035,13.0008413;78.090045,9.8901427;77.833333,9.833333?annotations=duration "HTTP/1.1 200 OK"
2025-12-11 10:23:29,957 - httpx - INFO - HTTP Request: GET http://router.project-osrm.org/table/v1/driving/80.2023035,13.0008413;78.1238724,9.9148737;77.833333,9.833333?annotations=duration "HTTP/1.1 200 OK"
2025-12-11 10:23:40,000 - httpx - INFO - HTTP Request: GET http://router.project-osrm.org/table/v1/driving/80.2023035,13.0008413;78.1978252,9.972149;77.833333,9.833333?annotations=duration "HTTP/1.1 200 OK"
2025-12-11 10:23:49,871 - httpx - INFO - HTTP Request: GET http://router.project-osrm.org/table/v1/driving/80.2023035,13.0008413;78.123201,9.924483;77.833333,9.833333?annotations=duration "HTTP/1.1 200 OK"
2025-12-11 10:24:00,680 - httpx - INFO - HTTP Request: GET http://router.project-osrm.org/table/v1/driving/80.2023035,13.0008413;78.1217676,9.9202504;77.833333,9.833333?annotations=duration "HTTP/1.1 200 OK"
2025-12-11 10:24:09,994 - httpx - INFO - HTTP Request: GET http://router.project-osrm.org/table/v1/driving/80.2023035,13.0008413;78.1377743,9.9298472;77.833333,9.833333?annotations=duration "HTTP/1.1 200 OK"
2025-12-11 10:24:19,894 - httpx - INFO - HTTP Request: GET http://router.project-osrm.org/table/v1/driving/80.2023035,13.0008413;78.0395727,9.9683143;77.833333,9.833333?annotations=duration "HTTP/1.1 200 OK"
2025-12-11 10:24:29,961 - httpx - INFO - HTTP Request: GET http://router.project-osrm.org/table/v1/driving/80.2023035,13.0008413;78.1237591,9.9177832;77.833333,9.833333?annotations=duration "HTTP/1.1 200 OK"
2025-12-11 10:24:40,103 - httpx - INFO - HTTP Request: GET http://router.project-osrm.org/table/v1/driving/80.2023035,13.0008413;78.0444744,9.9242181;77.833333,9.833333?annotations=duration "HTTP/1.1 200 OK"
2025-12-11 10:24:49,899 - httpx - INFO - HTTP Request: GET http://router.project-osrm.org/table/v1/driving/80.2023035,13.0008413;78.1446117,9.9363015;77.833333,9.833333?annotations=duration "HTTP/1.1 200 OK"
2025-12-11 10:24:50,965 - httpx - INFO - HTTP Request: GET http://router.project-osrm.org/table/v1/driving/80.2023035,13.0008413;78.1381111,9.9295445;77.833333,9.833333?annotations=duration "HTTP/1.1 200 OK"
2025-12-11 10:24:59,965 - httpx - INFO - HTTP Request: GET http://router.project-osrm.org/table/v1/driving/80.2023035,13.0008413;78.1207747,9.9016696;77.833333,9.833333?annotations=duration "HTTP/1.1 200 OK"
2025-12-11 10:25:09,997 - httpx - INFO - HTTP Request: GET http://router.project-osrm.org/table/v1/driving/80.2023035,13.0008413;78.1523806,9.9099739;77.833333,9.833333?annotations=duration "HTTP/1.1 200 OK"
2025-12-11 10:25:19,937 - httpx - INFO - HTTP Request: GET http://router.project-osrm.org/table/v1/driving/80.2023035,13.0008413;78.044264,9.9352443;77.833333,9.833333?annotations=duration "HTTP/1.1 200 OK"
2025-12-11 10:25:29,931 - httpx - INFO - HTTP Request: GET http://router.project-osrm.org/table/v1/driving/80.2023035,13.0008413;78.1236811,9.9170206;77.833333,9.833333?annotations=duration "HTTP/1.1 200 OK"
2025-12-11 10:25:39,935 - httpx - INFO - HTTP Request: GET http://router.project-osrm.org/table/v1/driving/80.2023035,13.0008413;78.1868419,9.9647267;77.833333,9.833333?annotations=duration "HTTP/1.1 200 OK"
2025-12-11 10:25:49,949 - httpx - INFO - HTTP Request: GET http://router.project-osrm.org/table/v1/driving/80.2023035,13.0008413;78.0993415,9.9035421;77.833333,9.833333?annotations=duration "HTTP/1.1 200 OK"
2025-12-11 10:25:59,975 - httpx - INFO - HTTP Request: GET http://router.project-osrm.org/table/v1/driving/80.2023035,13.0008413;78.0710414,9.8796456;77.833333,9.833333?annotations=duration "HTTP/1.1 200 OK"
2025-12-11 10:26:10,041 - httpx - INFO - HTTP Request: GET http://router.project-osrm.org/table/v1/driving/80.2023035,13.0008413;78.0475677,9.9226978;77.833333,9.833333?annotations=duration "HTTP/1.1 200 OK"
2025-12-11 10:26:20,141 - httpx - INFO - HTTP Request: GET http://router.project-osrm.org/table/v1/driving/80.2023035,13.0008413;78.0931302,9.9189578;77.833333,9.833333?annotations=duration "HTTP/1.1 200 OK"
2025-12-11 10:26:20,155 - main_osrm - INFO - Final Selection: 10 tourist spots
2025-12-11 10:26:20,155 - main_osrm - INFO - DEBUG: Final response meal_suggestions: {'breakfast': [PlaceSuggestion(osm_id='4729289190', name='Unknown', location=LatLng(lat=9.79051, lng=77.9453352), detour_minutes=6, eta_iso='2025-12-12T08:01:43.355000', tags={'amenity': 'restaurant', 'name:en': 'Karmuhil Food Corner'}, personalization_score=1.17, match_reasons=[])]}
2025-12-11 10:26:20,155 - main_osrm - INFO - Enhanced trip created successfully. Personalization: True
2025-12-11 10:26:20,155 - main_osrm - INFO - Request: POST /trips/create - Status: 200 - Duration: 247263.79ms
2025-12-11 10:27:55,997 - main_osrm - WARNING - Firebase not initialized, cannot fetch user preferences
2025-12-11 10:27:55,997 - main_osrm - INFO - Request: GET /users/zpwStsb1U3YoGkLKOaYfRcvBiGl1/preferences - Status: 404 - Duration: 2.46ms
2025-12-11 10:28:23,534 - main_osrm - INFO - === ENHANCED create_trip with personalization ===
2025-12-11 10:28:23,534 - main_osrm - INFO - Using explicitly passed personalization preferences: foodPreference='any' budget='moderate' pace='balanced' mood='adventure' companions='solo' activities=[] accessibility='none'
2025-12-11 10:28:23,534 - main_osrm - INFO - Fetching baseline OSRM route...
2025-12-11 10:28:24,390 - httpx - INFO - HTTP Request: GET http://router.project-osrm.org/route/v1/driving/80.2023035,13.0008413;77.833333,9.833333?overview=full&geometries=geojson&steps=true "HTTP/1.1 200 OK"
2025-12-11 10:28:25,723 - main_osrm - INFO - Baseline route: duration=24813s distance=478349.4m
2025-12-11 10:28:25,723 - main_osrm - INFO - Initial trip window: depart=2025-12-12T01:19:22.812000
2025-12-11 10:28:25,723 - main_osrm - INFO - Extracted 62 checkpoints from baseline route
2025-12-11 10:28:25,723 - main_osrm - INFO - Skipping meal 'lunch' - window doesn't intersect trip
2025-12-11 10:28:25,723 - main_osrm - INFO - Skipping meal 'dinner' - window doesn't intersect trip
2025-12-11 10:28:25,723 - main_osrm - INFO - Considering meals: ['breakfast']
2025-12-11 10:28:25,723 - main_osrm - INFO - Processing meal 'breakfast' with personalization
2025-12-11 10:28:25,735 - main_osrm - INFO - Meal 'breakfast' ETA: 2025-12-12T08:00:38.312000 at 9.82762,77.976234
2025-12-11 10:28:25,735 - main_osrm - INFO - Searching Overpass for 'restaurant' around 9.82762,77.976234 (radius=3000m)
2025-12-11 10:28:29,590 - httpx - INFO - HTTP Request: POST https://overpass-api.de/api/interpreter "HTTP/1.1 200 OK"
2025-12-11 10:28:29,591 - main_osrm - INFO - Overpass returned 0 places for breakfast at radius=3000m
2025-12-11 10:28:29,592 - main_osrm - INFO - Searching Overpass for 'restaurant' around 9.82762,77.976234 (radius=7000m)
2025-12-11 10:28:30,992 - httpx - INFO - HTTP Request: POST https://overpass-api.de/api/interpreter "HTTP/1.1 200 OK"
2025-12-11 10:28:30,992 - main_osrm - INFO - Overpass returned 3 places for breakfast at radius=7000m
2025-12-11 10:28:30,992 - main_osrm - INFO - 3 places after SMART preference filtering for breakfast
2025-12-11 10:28:31,856 - httpx - INFO - HTTP Request: GET http://router.project-osrm.org/table/v1/driving/80.2023035,13.0008413;78.0070807,9.8410391;77.833333,9.833333?annotations=duration "HTTP/1.1 200 OK"
2025-12-11 10:28:42,003 - httpx - INFO - HTTP Request: GET http://router.project-osrm.org/table/v1/driving/80.2023035,13.0008413;77.9453352,9.79051;77.833333,9.833333?annotations=duration "HTTP/1.1 200 OK"
2025-12-11 10:28:52,116 - httpx - INFO - HTTP Request: GET http://router.project-osrm.org/table/v1/driving/80.2023035,13.0008413;78.0106543,9.8441089;77.833333,9.833333?annotations=duration "HTTP/1.1 200 OK"
2025-12-11 10:28:52,116 - main_osrm - INFO - 3 candidates scored for breakfast
2025-12-11 10:28:52,116 - main_osrm - INFO - Selected: Unknown score=1.17 detour=1min
2025-12-11 10:28:52,116 - main_osrm - INFO - Selected: Unknown score=1.17 detour=6min
2025-12-11 10:28:52,124 - main_osrm - INFO - Selected: Anjappar score=1.17 detour=2min
2025-12-11 10:28:52,124 - main_osrm - INFO - DEBUG: Meal suggestions structure: {'breakfast': [PlaceSuggestion(osm_id='4714712389', name='Unknown', location=LatLng(lat=9.8410391, lng=78.0070807), detour_minutes=1, eta_iso='2025-12-12T08:01:38.312000', tags={'amenity': 'restaurant', 'name:en': "Hari's Restaurant"}, personalization_score=1.17, match_reasons=[]), PlaceSuggestion(osm_id='4729289190', name='Unknown', location=LatLng(lat=9.79051, lng=77.9453352), detour_minutes=6, eta_iso='2025-12-12T08:06:38.312000', tags={'amenity': 'restaurant', 'name:en': 'Karmuhil Food Corner'}, personalization_score=1.17, match_reasons=[]), PlaceSuggestion(osm_id='9569188283', name='Anjappar', location=LatLng(lat=9.8441089, lng=78.0106543), detour_minutes=2, eta_iso='2025-12-12T08:02:38.312000', tags={'amenity': 'restaurant', 'name': 'Anjappar'}, personalization_score=1.17, match_reasons=[])]}
2025-12-11 10:28:52,124 - main_osrm - INFO - DEBUG: breakfast has 3 suggestions
2025-12-11 10:28:52,124 - main_osrm - INFO - DEBUG: Suggestion 1: osm_id='4714712389' name='Unknown' location=LatLng(lat=9.8410391, lng=78.0070807) detour_minutes=1 eta_iso='2025-12-12T08:01:38.312000' tags={'amenity': 'restaurant', 'name:en': "Hari's Restaurant"} personalization_score=1.17 match_reasons=[]
2025-12-11 10:28:52,129 - main_osrm - INFO - DEBUG: Suggestion 2: osm_id='4729289190' name='Unknown' location=LatLng(lat=9.79051, lng=77.9453352) detour_minutes=6 eta_iso='2025-12-12T08:06:38.312000' tags={'amenity': 'restaurant', 'name:en': 'Karmuhil Food Corner'} personalization_score=1.17 match_reasons=[]
2025-12-11 10:28:52,130 - main_osrm - INFO - DEBUG: Suggestion 3: osm_id='9569188283' name='Anjappar' location=LatLng(lat=9.8441089, lng=78.0106543) detour_minutes=2 eta_iso='2025-12-12T08:02:38.312000' tags={'amenity': 'restaurant', 'name': 'Anjappar'} personalization_score=1.17 match_reasons=[]
2025-12-11 10:28:52,130 - main_osrm - INFO - Searching for tourist spots along the route...
2025-12-11 10:28:52,130 - main_osrm - INFO - Searching for tourist spots along the route...
2025-12-11 10:28:53,959 - httpx - INFO - HTTP Request: POST https://overpass-api.de/api/interpreter "HTTP/1.1 200 OK"
2025-12-11 10:28:56,272 - httpx - INFO - HTTP Request: POST https://overpass-api.de/api/interpreter "HTTP/1.1 200 OK"
2025-12-11 10:28:58,272 - httpx - INFO - HTTP Request: POST https://overpass-api.de/api/interpreter "HTTP/1.1 200 OK"
2025-12-11 10:28:58,272 - main_osrm - INFO - Found 25 potential tourist spots
2025-12-11 10:29:02,149 - httpx - INFO - HTTP Request: GET http://router.project-osrm.org/table/v1/driving/80.2023035,13.0008413;78.1386083,9.9298787;77.833333,9.833333?annotations=duration "HTTP/1.1 200 OK"
2025-12-11 10:29:11,967 - httpx - INFO - HTTP Request: GET http://router.project-osrm.org/table/v1/driving/80.2023035,13.0008413;78.1232992,9.9197522;77.833333,9.833333?annotations=duration "HTTP/1.1 200 OK"
2025-12-11 10:29:21,906 - httpx - INFO - HTTP Request: GET http://router.project-osrm.org/table/v1/driving/80.2023035,13.0008413;78.1232384,9.9202673;77.833333,9.833333?annotations=duration "HTTP/1.1 200 OK"
2025-12-11 10:29:31,877 - httpx - INFO - HTTP Request: GET http://router.project-osrm.org/table/v1/driving/80.2023035,13.0008413;78.138719,9.9303356;77.833333,9.833333?annotations=duration "HTTP/1.1 200 OK"
2025-12-11 10:29:42,086 - httpx - INFO - HTTP Request: GET http://router.project-osrm.org/table/v1/driving/80.2023035,13.0008413;78.0934407,9.9190357;77.833333,9.833333?annotations=duration "HTTP/1.1 200 OK"
2025-12-11 10:29:51,952 - httpx - INFO - HTTP Request: GET http://router.project-osrm.org/table/v1/driving/80.2023035,13.0008413;78.090045,9.8901427;77.833333,9.833333?annotations=duration "HTTP/1.1 200 OK"
2025-12-11 10:30:02,032 - httpx - INFO - HTTP Request: GET http://router.project-osrm.org/table/v1/driving/80.2023035,13.0008413;78.1238724,9.9148737;77.833333,9.833333?annotations=duration "HTTP/1.1 200 OK"
2025-12-11 10:30:11,979 - httpx - INFO - HTTP Request: GET http://router.project-osrm.org/table/v1/driving/80.2023035,13.0008413;78.1978252,9.972149;77.833333,9.833333?annotations=duration "HTTP/1.1 200 OK"
2025-12-11 10:30:22,065 - httpx - INFO - HTTP Request: GET http://router.project-osrm.org/table/v1/driving/80.2023035,13.0008413;78.123201,9.924483;77.833333,9.833333?annotations=duration "HTTP/1.1 200 OK"
2025-12-11 10:30:31,952 - httpx - INFO - HTTP Request: GET http://router.project-osrm.org/table/v1/driving/80.2023035,13.0008413;78.1217676,9.9202504;77.833333,9.833333?annotations=duration "HTTP/1.1 200 OK"
2025-12-11 10:30:42,031 - httpx - INFO - HTTP Request: GET http://router.project-osrm.org/table/v1/driving/80.2023035,13.0008413;78.1377743,9.9298472;77.833333,9.833333?annotations=duration "HTTP/1.1 200 OK"
2025-12-11 10:30:51,953 - httpx - INFO - HTTP Request: GET http://router.project-osrm.org/table/v1/driving/80.2023035,13.0008413;78.0395727,9.9683143;77.833333,9.833333?annotations=duration "HTTP/1.1 200 OK"
2025-12-11 10:31:28,666 - main_osrm - WARNING - compute_detour_osrm failed: 
2025-12-11 10:31:32,021 - httpx - INFO - HTTP Request: GET http://router.project-osrm.org/table/v1/driving/80.2023035,13.0008413;78.0444744,9.9242181;77.833333,9.833333?annotations=duration "HTTP/1.1 200 OK"
2025-12-11 10:31:35,157 - main_osrm - INFO - === ENHANCED create_trip with personalization ===
2025-12-11 10:31:35,157 - main_osrm - INFO - Using explicitly passed personalization preferences: foodPreference='any' budget='moderate' pace='balanced' mood='adventure' companions='solo' activities=[] accessibility='none'
2025-12-11 10:31:35,163 - main_osrm - INFO - Fetching baseline OSRM route...
2025-12-11 10:31:36,167 - httpx - INFO - HTTP Request: GET http://router.project-osrm.org/route/v1/driving/80.2023035,13.0008413;77.833333,9.833333?overview=full&geometries=geojson&steps=true "HTTP/1.1 200 OK"
2025-12-11 10:31:38,836 - main_osrm - INFO - Baseline route: duration=24813s distance=478349.4m
2025-12-11 10:31:38,838 - main_osrm - INFO - Initial trip window: depart=2025-12-12T01:19:22.812000
2025-12-11 10:31:38,838 - main_osrm - INFO - Extracted 62 checkpoints from baseline route
2025-12-11 10:31:38,838 - main_osrm - INFO - Skipping meal 'lunch' - window doesn't intersect trip
2025-12-11 10:31:38,838 - main_osrm - INFO - Skipping meal 'dinner' - window doesn't intersect trip
2025-12-11 10:31:38,841 - main_osrm - INFO - Considering meals: ['breakfast']
2025-12-11 10:31:38,841 - main_osrm - INFO - Processing meal 'breakfast' with personalization
2025-12-11 10:31:38,841 - main_osrm - INFO - Meal 'breakfast' ETA: 2025-12-12T08:00:38.312000 at 9.82762,77.976234
2025-12-11 10:31:38,841 - main_osrm - INFO - Searching Overpass for 'restaurant' around 9.82762,77.976234 (radius=3000m)
2025-12-11 10:31:39,987 - httpx - INFO - HTTP Request: POST https://overpass-api.de/api/interpreter "HTTP/1.1 200 OK"
2025-12-11 10:31:39,989 - main_osrm - INFO - Overpass returned 0 places for breakfast at radius=3000m
2025-12-11 10:31:39,991 - main_osrm - INFO - Searching Overpass for 'restaurant' around 9.82762,77.976234 (radius=7000m)
2025-12-11 10:31:41,576 - httpx - INFO - HTTP Request: POST https://overpass-api.de/api/interpreter "HTTP/1.1 200 OK"
2025-12-11 10:31:41,576 - main_osrm - INFO - Overpass returned 3 places for breakfast at radius=7000m
2025-12-11 10:31:41,576 - main_osrm - INFO - 3 places after SMART preference filtering for breakfast
2025-12-11 10:31:42,012 - httpx - INFO - HTTP Request: GET http://router.project-osrm.org/table/v1/driving/80.2023035,13.0008413;78.1446117,9.9363015;77.833333,9.833333?annotations=duration "HTTP/1.1 200 OK"
2025-12-11 10:31:52,021 - httpx - INFO - HTTP Request: GET http://router.project-osrm.org/table/v1/driving/80.2023035,13.0008413;78.0070807,9.8410391;77.833333,9.833333?annotations=duration "HTTP/1.1 200 OK"
2025-12-11 10:31:57,771 - main_osrm - WARNING - compute_detour_osrm failed: 
2025-12-11 10:32:07,601 - main_osrm - WARNING - compute_detour_osrm failed: 
2025-12-11 10:32:13,357 - main_osrm - WARNING - compute_detour_osrm failed: 
2025-12-11 10:32:23,210 - main_osrm - WARNING - compute_detour_osrm failed: 
2025-12-11 10:32:23,210 - main_osrm - INFO - 1 candidates scored for breakfast
2025-12-11 10:32:23,210 - main_osrm - INFO - Selected: Unknown score=1.17 detour=1min
2025-12-11 10:32:23,210 - main_osrm - INFO - DEBUG: Meal suggestions structure: {'breakfast': [PlaceSuggestion(osm_id='4714712389', name='Unknown', location=LatLng(lat=9.8410391, lng=78.0070807), detour_minutes=1, eta_iso='2025-12-12T08:01:38.312000', tags={'amenity': 'restaurant', 'name:en': "Hari's Restaurant"}, personalization_score=1.17, match_reasons=[])]}
2025-12-11 10:32:23,210 - main_osrm - INFO - DEBUG: breakfast has 1 suggestions
2025-12-11 10:32:23,210 - main_osrm - INFO - DEBUG: Suggestion 1: osm_id='4714712389' name='Unknown' location=LatLng(lat=9.8410391, lng=78.0070807) detour_minutes=1 eta_iso='2025-12-12T08:01:38.312000' tags={'amenity': 'restaurant', 'name:en': "Hari's Restaurant"} personalization_score=1.17 match_reasons=[]
2025-12-11 10:32:23,210 - main_osrm - INFO - Searching for tourist spots along the route...
2025-12-11 10:32:23,210 - main_osrm - INFO - Searching for tourist spots along the route...
2025-12-11 10:32:25,934 - httpx - INFO - HTTP Request: POST https://overpass-api.de/api/interpreter "HTTP/1.1 200 OK"
2025-12-11 10:32:28,370 - httpx - INFO - HTTP Request: POST https://overpass-api.de/api/interpreter "HTTP/1.1 200 OK"
2025-12-11 10:32:28,949 - main_osrm - WARNING - compute_detour_osrm failed: 
2025-12-11 10:32:31,481 - httpx - INFO - HTTP Request: POST https://overpass-api.de/api/interpreter "HTTP/1.1 200 OK"
2025-12-11 10:32:31,488 - main_osrm - INFO - Found 25 potential tourist spots
2025-12-11 10:32:44,687 - main_osrm - WARNING - compute_detour_osrm failed: 
2025-12-11 10:32:47,163 - main_osrm - WARNING - compute_detour_osrm failed: 
2025-12-11 10:33:00,227 - main_osrm - WARNING - compute_detour_osrm failed: 
2025-12-11 10:33:02,792 - main_osrm - WARNING - compute_detour_osrm failed: 
2025-12-11 10:33:16,004 - main_osrm - WARNING - compute_detour_osrm failed: 
2025-12-11 10:33:18,432 - main_osrm - WARNING - compute_detour_osrm failed: 
2025-12-11 10:33:31,554 - main_osrm - WARNING - compute_detour_osrm failed: 
2025-12-11 10:33:33,993 - main_osrm - WARNING - compute_detour_osrm failed: 
2025-12-11 10:33:47,135 - main_osrm - WARNING - compute_detour_osrm failed: 
2025-12-11 10:33:49,763 - main_osrm - WARNING - compute_detour_osrm failed: 
2025-12-11 10:33:50,592 - httpx - INFO - HTTP Request: GET http://router.project-osrm.org/table/v1/driving/80.2023035,13.0008413;78.090045,9.8901427;77.833333,9.833333?annotations=duration "HTTP/1.1 429 Too Many Requests"
2025-12-11 10:33:50,592 - main_osrm - WARNING - compute_detour_osrm failed: Client error '429 Too Many Requests' for url 'http://router.project-osrm.org/table/v1/driving/80.2023035,13.0008413;78.090045,9.8901427;77.833333,9.833333?annotations=duration'
For more information check: https://developer.mozilla.org/en-US/docs/Web/HTTP/Status/429
2025-12-11 10:33:51,519 - httpx - INFO - HTTP Request: GET http://router.project-osrm.org/table/v1/driving/80.2023035,13.0008413;78.1238724,9.9148737;77.833333,9.833333?annotations=duration "HTTP/1.1 429 Too Many Requests"
2025-12-11 10:33:51,519 - main_osrm - WARNING - compute_detour_osrm failed: Client error '429 Too Many Requests' for url 'http://router.project-osrm.org/table/v1/driving/80.2023035,13.0008413;78.1238724,9.9148737;77.833333,9.833333?annotations=duration'
For more information check: https://developer.mozilla.org/en-US/docs/Web/HTTP/Status/429
2025-12-11 10:34:02,730 - main_osrm - WARNING - compute_detour_osrm failed: 
2025-12-11 10:34:07,114 - main_osrm - WARNING - compute_detour_osrm failed: 
2025-12-11 10:34:08,006 - httpx - INFO - HTTP Request: GET http://router.project-osrm.org/table/v1/driving/80.2023035,13.0008413;78.123201,9.924483;77.833333,9.833333?annotations=duration "HTTP/1.1 429 Too Many Requests"
2025-12-11 10:34:08,008 - main_osrm - WARNING - compute_detour_osrm failed: Client error '429 Too Many Requests' for url 'http://router.project-osrm.org/table/v1/driving/80.2023035,13.0008413;78.123201,9.924483;77.833333,9.833333?annotations=duration'
For more information check: https://developer.mozilla.org/en-US/docs/Web/HTTP/Status/429
2025-12-11 10:34:08,823 - httpx - INFO - HTTP Request: GET http://router.project-osrm.org/table/v1/driving/80.2023035,13.0008413;78.1217676,9.9202504;77.833333,9.833333?annotations=duration "HTTP/1.1 429 Too Many Requests"
2025-12-11 10:34:08,823 - main_osrm - WARNING - compute_detour_osrm failed: Client error '429 Too Many Requests' for url 'http://router.project-osrm.org/table/v1/driving/80.2023035,13.0008413;78.1217676,9.9202504;77.833333,9.833333?annotations=duration'
For more information check: https://developer.mozilla.org/en-US/docs/Web/HTTP/Status/429
2025-12-11 10:34:09,747 - httpx - INFO - HTTP Request: GET http://router.project-osrm.org/table/v1/driving/80.2023035,13.0008413;78.1377743,9.9298472;77.833333,9.833333?annotations=duration "HTTP/1.1 429 Too Many Requests"
2025-12-11 10:34:09,747 - main_osrm - WARNING - compute_detour_osrm failed: Client error '429 Too Many Requests' for url 'http://router.project-osrm.org/table/v1/driving/80.2023035,13.0008413;78.1377743,9.9298472;77.833333,9.833333?annotations=duration'
For more information check: https://developer.mozilla.org/en-US/docs/Web/HTTP/Status/429
2025-12-11 10:34:10,568 - httpx - INFO - HTTP Request: GET http://router.project-osrm.org/table/v1/driving/80.2023035,13.0008413;78.0395727,9.9683143;77.833333,9.833333?annotations=duration "HTTP/1.1 429 Too Many Requests"
2025-12-11 10:34:10,574 - main_osrm - WARNING - compute_detour_osrm failed: Client error '429 Too Many Requests' for url 'http://router.project-osrm.org/table/v1/driving/80.2023035,13.0008413;78.0395727,9.9683143;77.833333,9.833333?annotations=duration'
For more information check: https://developer.mozilla.org/en-US/docs/Web/HTTP/Status/429
2025-12-11 10:34:11,392 - httpx - INFO - HTTP Request: GET http://router.project-osrm.org/table/v1/driving/80.2023035,13.0008413;78.1237591,9.9177832;77.833333,9.833333?annotations=duration "HTTP/1.1 429 Too Many Requests"
2025-12-11 10:34:11,392 - main_osrm - WARNING - compute_detour_osrm failed: Client error '429 Too Many Requests' for url 'http://router.project-osrm.org/table/v1/driving/80.2023035,13.0008413;78.1237591,9.9177832;77.833333,9.833333?annotations=duration'
For more information check: https://developer.mozilla.org/en-US/docs/Web/HTTP/Status/429
2025-12-11 10:34:18,389 - main_osrm - WARNING - compute_detour_osrm failed: 
2025-12-11 10:34:18,389 - main_osrm - INFO - Final Selection: 10 tourist spots
2025-12-11 10:34:18,391 - main_osrm - INFO - DEBUG: Final response meal_suggestions: {'breakfast': [PlaceSuggestion(osm_id='4714712389', name='Unknown', location=LatLng(lat=9.8410391, lng=78.0070807), detour_minutes=1, eta_iso='2025-12-12T08:01:38.312000', tags={'amenity': 'restaurant', 'name:en': "Hari's Restaurant"}, personalization_score=1.17, match_reasons=[]), PlaceSuggestion(osm_id='4729289190', name='Unknown', location=LatLng(lat=9.79051, lng=77.9453352), detour_minutes=6, eta_iso='2025-12-12T08:06:38.312000', tags={'amenity': 'restaurant', 'name:en': 'Karmuhil Food Corner'}, personalization_score=1.17, match_reasons=[]), PlaceSuggestion(osm_id='9569188283', name='Anjappar', location=LatLng(lat=9.8441089, lng=78.0106543), detour_minutes=2, eta_iso='2025-12-12T08:02:38.312000', tags={'amenity': 'restaurant', 'name': 'Anjappar'}, personalization_score=1.17, match_reasons=[])]}
2025-12-11 10:34:18,391 - main_osrm - INFO - Enhanced trip created successfully. Personalization: True
2025-12-11 10:34:18,391 - main_osrm - INFO - Request: POST /trips/create - Status: 200 - Duration: 354865.78ms
2025-12-11 10:34:26,984 - main_osrm - WARNING - compute_detour_osrm failed: 
2025-12-11 10:34:42,615 - main_osrm - WARNING - compute_detour_osrm failed: 
2025-12-11 10:34:58,286 - main_osrm - WARNING - compute_detour_osrm failed: 
2025-12-11 10:35:13,877 - main_osrm - WARNING - compute_detour_osrm failed: 
2025-12-11 10:35:29,490 - main_osrm - WARNING - compute_detour_osrm failed: 
2025-12-11 10:35:30,539 - httpx - INFO - HTTP Request: GET http://router.project-osrm.org/table/v1/driving/80.2023035,13.0008413;78.044264,9.9352443;77.833333,9.833333?annotations=duration "HTTP/1.1 200 OK"
2025-12-11 10:35:46,130 - main_osrm - WARNING - compute_detour_osrm failed: 
2025-12-11 10:36:01,707 - main_osrm - WARNING - compute_detour_osrm failed: 
2025-12-11 10:36:12,147 - httpx - INFO - HTTP Request: GET http://router.project-osrm.org/table/v1/driving/80.2023035,13.0008413;78.0993415,9.9035421;77.833333,9.833333?annotations=duration "HTTP/1.1 200 OK"
2025-12-11 10:36:22,254 - httpx - INFO - HTTP Request: GET http://router.project-osrm.org/table/v1/driving/80.2023035,13.0008413;78.0710414,9.8796456;77.833333,9.833333?annotations=duration "HTTP/1.1 200 OK"
2025-12-11 10:36:32,324 - httpx - INFO - HTTP Request: GET http://router.project-osrm.org/table/v1/driving/80.2023035,13.0008413;78.0475677,9.9226978;77.833333,9.833333?annotations=duration "HTTP/1.1 200 OK"
2025-12-11 10:36:42,181 - httpx - INFO - HTTP Request: GET http://router.project-osrm.org/table/v1/driving/80.2023035,13.0008413;78.0931302,9.9189578;77.833333,9.833333?annotations=duration "HTTP/1.1 200 OK"
2025-12-11 10:36:42,184 - main_osrm - INFO - Final Selection: 5 tourist spots
2025-12-11 10:36:42,184 - main_osrm - INFO - DEBUG: Final response meal_suggestions: {'breakfast': [PlaceSuggestion(osm_id='4714712389', name='Unknown', location=LatLng(lat=9.8410391, lng=78.0070807), detour_minutes=1, eta_iso='2025-12-12T08:01:38.312000', tags={'amenity': 'restaurant', 'name:en': "Hari's Restaurant"}, personalization_score=1.17, match_reasons=[])]}
2025-12-11 10:36:42,184 - main_osrm - INFO - Enhanced trip created successfully. Personalization: True
2025-12-11 10:36:42,184 - main_osrm - INFO - Request: POST /trips/create - Status: 200 - Duration: 307027.42ms
2025-12-11 10:39:36,214 - main_osrm - WARNING - Firebase not initialized, cannot fetch user preferences
2025-12-11 10:39:36,214 - main_osrm - INFO - Request: GET /users/zpwStsb1U3YoGkLKOaYfRcvBiGl1/preferences - Status: 404 - Duration: 2.97ms
2025-12-11 10:40:31,292 - main_osrm - INFO - === ENHANCED create_trip with personalization ===
2025-12-11 10:40:31,292 - main_osrm - INFO - Using explicitly passed personalization preferences: foodPreference='any' budget='moderate' pace='balanced' mood='adventure' companions='solo' activities=[] accessibility='none'
2025-12-11 10:40:31,292 - main_osrm - INFO - Fetching baseline OSRM route...
2025-12-11 10:40:32,213 - httpx - INFO - HTTP Request: GET http://router.project-osrm.org/route/v1/driving/80.2023035,13.0008413;78.6880939,10.8071144?overview=full&geometries=geojson&steps=true "HTTP/1.1 200 OK"
2025-12-11 10:40:33,244 - main_osrm - INFO - Baseline route: duration=15506s distance=310448.6m
2025-12-11 10:40:33,245 - main_osrm - INFO - Initial trip window: depart=2025-12-12T04:06:09.881000
2025-12-11 10:40:33,245 - main_osrm - INFO - Extracted 39 checkpoints from baseline route
2025-12-11 10:40:33,245 - main_osrm - INFO - Skipping meal 'lunch' - window doesn't intersect trip
2025-12-11 10:40:33,245 - main_osrm - INFO - Skipping meal 'dinner' - window doesn't intersect trip
2025-12-11 10:40:33,245 - main_osrm - INFO - Considering meals: ['breakfast']
2025-12-11 10:40:33,245 - main_osrm - INFO - Processing meal 'breakfast' with personalization
2025-12-11 10:40:33,245 - main_osrm - INFO - Meal 'breakfast' ETA: 2025-12-12T08:16:03.781000 at 11.960534,79.493441
2025-12-11 10:40:33,245 - main_osrm - INFO - Searching Overpass for 'restaurant' around 11.960534,79.493441 (radius=3000m)
2025-12-11 10:40:34,738 - httpx - INFO - HTTP Request: POST https://overpass-api.de/api/interpreter "HTTP/1.1 200 OK"
2025-12-11 10:40:34,741 - main_osrm - INFO - Overpass returned 7 places for breakfast at radius=3000m
2025-12-11 10:40:34,742 - main_osrm - INFO - 7 places after SMART preference filtering for breakfast
2025-12-11 10:40:35,592 - httpx - INFO - HTTP Request: GET http://router.project-osrm.org/table/v1/driving/80.2023035,13.0008413;79.4979967,11.9621113;78.6880939,10.8071144?annotations=duration "HTTP/1.1 200 OK"
2025-12-11 10:40:46,035 - httpx - INFO - HTTP Request: GET http://router.project-osrm.org/table/v1/driving/80.2023035,13.0008413;79.496043,11.9410714;78.6880939,10.8071144?annotations=duration "HTTP/1.1 200 OK"
2025-12-11 10:40:56,692 - httpx - INFO - HTTP Request: GET http://router.project-osrm.org/table/v1/driving/80.2023035,13.0008413;79.497756,11.9399354;78.6880939,10.8071144?annotations=duration "HTTP/1.1 200 OK"
2025-12-11 10:41:05,808 - httpx - INFO - HTTP Request: GET http://router.project-osrm.org/table/v1/driving/80.2023035,13.0008413;79.4982114,11.9398828;78.6880939,10.8071144?annotations=duration "HTTP/1.1 200 OK"
2025-12-11 10:41:15,661 - httpx - INFO - HTTP Request: GET http://router.project-osrm.org/table/v1/driving/80.2023035,13.0008413;79.4978252,11.9401915;78.6880939,10.8071144?annotations=duration "HTTP/1.1 200 OK"
2025-12-11 10:42:39,204 - main_osrm - WARNING - compute_detour_osrm failed: 
2025-12-11 10:42:40,941 - httpx - INFO - HTTP Request: GET http://router.project-osrm.org/table/v1/driving/80.2023035,13.0008413;79.4867418,11.9387149;78.6880939,10.8071144?annotations=duration "HTTP/1.1 200 OK"
2025-12-11 10:42:40,993 - main_osrm - INFO - 6 candidates scored for breakfast
2025-12-11 10:42:41,038 - main_osrm - INFO - Selected: Hotel Kailash score=1.63 detour=7min
2025-12-11 10:42:41,060 - main_osrm - INFO - Selected: Hotel Anandha score=1.47 detour=6min
2025-12-11 10:42:41,090 - main_osrm - INFO - Selected: RK Sastha Bhavan score=1.37 detour=7min
2025-12-11 10:42:41,149 - main_osrm - INFO - Selected: Sri Annai Restaurant score=1.27 detour=7min
2025-12-11 10:42:41,163 - main_osrm - INFO - Selected: Unknown score=1.17 detour=6min
2025-12-11 10:42:41,195 - main_osrm - INFO - DEBUG: Meal suggestions structure: {'breakfast': [PlaceSuggestion(osm_id='7206180386', name='Hotel Kailash', location=LatLng(lat=11.9401915, lng=79.4978252), detour_minutes=7, eta_iso='2025-12-12T08:23:03.781000', tags={'amenity': 'restaurant', 'check_date': '2023-09-03', 'cuisine': 'local', 'diet:vegetarian': 'only', 'name': 'Hotel Kailash', 'source': 'survey'}, personalization_score=1.633333333333333, match_reasons=['Great for adventure mood']), PlaceSuggestion(osm_id='5234806088', name='Hotel Anandha', location=LatLng(lat=11.9410714, lng=79.496043), detour_minutes=6, eta_iso='2025-12-12T08:22:03.781000', tags={'air_conditioning': 'yes', 'amenity': 'restaurant', 'check_date': '2023-09-03', 'diet:vegetarian': 'yes', 'name': 'Hotel Anandha'}, personalization_score=1.4699999999999998, match_reasons=[]), PlaceSuggestion(osm_id='5234909593', name='RK Sastha Bhavan', location=LatLng(lat=11.9399354, lng=79.497756), detour_minutes=7, eta_iso='2025-12-12T08:23:03.781000', tags={'amenity': 'restaurant', 'check_date': '2023-09-03', 'diet:vegetarian': 'yes', 'name': 'RK Sastha Bhavan'}, personalization_score=1.3699999999999999, match_reasons=[]), PlaceSuggestion(osm_id='5692239870', name='Sri Annai Restaurant', location=LatLng(lat=11.9398828, lng=79.4982114), detour_minutes=7, eta_iso='2025-12-12T08:23:03.781000', tags={'amenity': 'restaurant', 'check_date': '2023-09-03', 'name': 'Sri Annai Restaurant'}, personalization_score=1.27, match_reasons=[]), PlaceSuggestion(osm_id='10589063805', name='Unknown', location=LatLng(lat=11.9387149, lng=79.4867418), detour_minutes=6, eta_iso='2025-12-12T08:22:03.781000', tags={'amenity': 'restaurant', 'name:en': 'Hometown'}, personalization_score=1.17, match_reasons=[])]}
2025-12-11 10:42:41,215 - main_osrm - INFO - DEBUG: breakfast has 5 suggestions
2025-12-11 10:42:41,230 - main_osrm - INFO - DEBUG: Suggestion 1: osm_id='7206180386' name='Hotel Kailash' location=LatLng(lat=11.9401915, lng=79.4978252) detour_minutes=7 eta_iso='2025-12-12T08:23:03.781000' tags={'amenity': 'restaurant', 'check_date': '2023-09-03', 'cuisine': 'local', 'diet:vegetarian': 'only', 'name': 'Hotel Kailash', 'source': 'survey'} personalization_score=1.633333333333333 match_reasons=['Great for adventure mood']
2025-12-11 10:42:41,236 - main_osrm - INFO - DEBUG: Suggestion 2: osm_id='5234806088' name='Hotel Anandha' location=LatLng(lat=11.9410714, lng=79.496043) detour_minutes=6 eta_iso='2025-12-12T08:22:03.781000' tags={'air_conditioning': 'yes', 'amenity': 'restaurant', 'check_date': '2023-09-03', 'diet:vegetarian': 'yes', 'name': 'Hotel Anandha'} personalization_score=1.4699999999999998 match_reasons=[]
2025-12-11 10:42:41,245 - main_osrm - INFO - DEBUG: Suggestion 3: osm_id='5234909593' name='RK Sastha Bhavan' location=LatLng(lat=11.9399354, lng=79.497756) detour_minutes=7 eta_iso='2025-12-12T08:23:03.781000' tags={'amenity': 'restaurant', 'check_date': '2023-09-03', 'diet:vegetarian': 'yes', 'name': 'RK Sastha Bhavan'} personalization_score=1.3699999999999999 match_reasons=[]
2025-12-11 10:42:41,252 - main_osrm - INFO - DEBUG: Suggestion 4: osm_id='5692239870' name='Sri Annai Restaurant' location=LatLng(lat=11.9398828, lng=79.4982114) detour_minutes=7 eta_iso='2025-12-12T08:23:03.781000' tags={'amenity': 'restaurant', 'check_date': '2023-09-03', 'name': 'Sri Annai Restaurant'} personalization_score=1.27 match_reasons=[]
2025-12-11 10:42:41,274 - main_osrm - INFO - DEBUG: Suggestion 5: osm_id='10589063805' name='Unknown' location=LatLng(lat=11.9387149, lng=79.4867418) detour_minutes=6 eta_iso='2025-12-12T08:22:03.781000' tags={'amenity': 'restaurant', 'name:en': 'Hometown'} personalization_score=1.17 match_reasons=[]
2025-12-11 10:42:41,318 - main_osrm - INFO - Searching for tourist spots along the route...
2025-12-11 10:42:41,443 - main_osrm - INFO - Searching for tourist spots along the route...
2025-12-11 10:42:45,124 - httpx - INFO - HTTP Request: POST https://overpass-api.de/api/interpreter "HTTP/1.1 200 OK"
2025-12-11 10:42:47,754 - httpx - INFO - HTTP Request: POST https://overpass-api.de/api/interpreter "HTTP/1.1 200 OK"
2025-12-11 10:42:52,734 - httpx - INFO - HTTP Request: POST https://overpass-api.de/api/interpreter "HTTP/1.1 200 OK"
2025-12-11 10:42:52,737 - main_osrm - INFO - Found 39 potential tourist spots
2025-12-11 10:42:53,974 - httpx - INFO - HTTP Request: GET http://router.project-osrm.org/table/v1/driving/80.2023035,13.0008413;80.1414056,12.9487041;78.6880939,10.8071144?annotations=duration "HTTP/1.1 200 OK"
2025-12-11 10:43:03,943 - httpx - INFO - HTTP Request: GET http://router.project-osrm.org/table/v1/driving/80.2023035,13.0008413;80.1262243,12.970937;78.6880939,10.8071144?annotations=duration "HTTP/1.1 200 OK"
2025-12-11 10:43:05,004 - httpx - INFO - HTTP Request: GET http://router.project-osrm.org/table/v1/driving/80.2023035,13.0008413;80.1254171,12.970893;78.6880939,10.8071144?annotations=duration "HTTP/1.1 200 OK"
2025-12-11 10:43:09,417 - main_osrm - WARNING - Firebase not initialized, cannot fetch user preferences
2025-12-11 10:43:09,417 - main_osrm - INFO - Request: GET /users/zpwStsb1U3YoGkLKOaYfRcvBiGl1/preferences - Status: 404 - Duration: 0.00ms
2025-12-11 10:43:14,989 - httpx - INFO - HTTP Request: GET http://router.project-osrm.org/table/v1/driving/80.2023035,13.0008413;80.0952989,12.8681353;78.6880939,10.8071144?annotations=duration "HTTP/1.1 200 OK"
2025-12-11 10:43:16,049 - httpx - INFO - HTTP Request: GET http://router.project-osrm.org/table/v1/driving/80.2023035,13.0008413;80.0823454,12.8800708;78.6880939,10.8071144?annotations=duration "HTTP/1.1 200 OK"
2025-12-11 10:43:25,853 - httpx - INFO - HTTP Request: GET http://router.project-osrm.org/table/v1/driving/80.2023035,13.0008413;80.1452408,12.9518426;78.6880939,10.8071144?annotations=duration "HTTP/1.1 200 OK"
2025-12-11 10:43:36,034 - httpx - INFO - HTTP Request: GET http://router.project-osrm.org/table/v1/driving/80.2023035,13.0008413;80.183337,12.9741318;78.6880939,10.8071144?annotations=duration "HTTP/1.1 200 OK"
2025-12-11 10:43:37,114 - httpx - INFO - HTTP Request: GET http://router.project-osrm.org/table/v1/driving/80.2023035,13.0008413;80.1919684,12.9985702;78.6880939,10.8071144?annotations=duration "HTTP/1.1 200 OK"
2025-12-11 10:43:46,157 - httpx - INFO - HTTP Request: GET http://router.project-osrm.org/table/v1/driving/80.2023035,13.0008413;80.0807679,13.0088622;78.6880939,10.8071144?annotations=duration "HTTP/1.1 200 OK"
2025-12-11 10:43:55,873 - httpx - INFO - HTTP Request: GET http://router.project-osrm.org/table/v1/driving/80.2023035,13.0008413;80.0789873,12.997913;78.6880939,10.8071144?annotations=duration "HTTP/1.1 200 OK"
2025-12-11 10:44:05,920 - httpx - INFO - HTTP Request: GET http://router.project-osrm.org/table/v1/driving/80.2023035,13.0008413;80.1939606,13.0054087;78.6880939,10.8071144?annotations=duration "HTTP/1.1 200 OK"
2025-12-11 10:44:16,150 - httpx - INFO - HTTP Request: GET http://router.project-osrm.org/table/v1/driving/80.2023035,13.0008413;80.1939524,13.0053135;78.6880939,10.8071144?annotations=duration "HTTP/1.1 200 OK"
2025-12-11 10:44:25,999 - httpx - INFO - HTTP Request: GET http://router.project-osrm.org/table/v1/driving/80.2023035,13.0008413;80.2015429,13.0055545;78.6880939,10.8071144?annotations=duration "HTTP/1.1 200 OK"
2025-12-11 10:44:36,024 - httpx - INFO - HTTP Request: GET http://router.project-osrm.org/table/v1/driving/80.2023035,13.0008413;80.0920683,12.8995145;78.6880939,10.8071144?annotations=duration "HTTP/1.1 200 OK"
2025-12-11 10:44:46,058 - httpx - INFO - HTTP Request: GET http://router.project-osrm.org/table/v1/driving/80.2023035,13.0008413;80.0786613,12.9371754;78.6880939,10.8071144?annotations=duration "HTTP/1.1 200 OK"
2025-12-11 10:44:55,995 - httpx - INFO - HTTP Request: GET http://router.project-osrm.org/table/v1/driving/80.2023035,13.0008413;80.0919655,12.8827316;78.6880939,10.8071144?annotations=duration "HTTP/1.1 200 OK"
2025-12-11 10:45:06,130 - httpx - INFO - HTTP Request: GET http://router.project-osrm.org/table/v1/driving/80.2023035,13.0008413;80.190172,13.0135764;78.6880939,10.8071144?annotations=duration "HTTP/1.1 200 OK"
2025-12-11 10:45:16,057 - httpx - INFO - HTTP Request: GET http://router.project-osrm.org/table/v1/driving/80.2023035,13.0008413;80.0839373,12.8809428;78.6880939,10.8071144?annotations=duration "HTTP/1.1 200 OK"
2025-12-11 10:45:17,188 - httpx - INFO - HTTP Request: GET http://router.project-osrm.org/table/v1/driving/80.2023035,13.0008413;80.0922487,12.88415;78.6880939,10.8071144?annotations=duration "HTTP/1.1 200 OK"
2025-12-11 10:45:26,500 - httpx - INFO - HTTP Request: GET http://router.project-osrm.org/table/v1/driving/80.2023035,13.0008413;80.0838801,12.8803052;78.6880939,10.8071144?annotations=duration "HTTP/1.1 200 OK"
2025-12-11 10:45:35,947 - httpx - INFO - HTTP Request: GET http://router.project-osrm.org/table/v1/driving/80.2023035,13.0008413;80.0848185,12.8804755;78.6880939,10.8071144?annotations=duration "HTTP/1.1 200 OK"
2025-12-11 10:45:45,904 - httpx - INFO - HTTP Request: GET http://router.project-osrm.org/table/v1/driving/80.2023035,13.0008413;80.0849109,12.8812785;78.6880939,10.8071144?annotations=duration "HTTP/1.1 200 OK"
2025-12-11 10:45:55,914 - httpx - INFO - HTTP Request: GET http://router.project-osrm.org/table/v1/driving/80.2023035,13.0008413;80.0909986,12.8837415;78.6880939,10.8071144?annotations=duration "HTTP/1.1 200 OK"
2025-12-11 10:46:06,020 - httpx - INFO - HTTP Request: GET http://router.project-osrm.org/table/v1/driving/80.2023035,13.0008413;80.0888542,12.8824316;78.6880939,10.8071144?annotations=duration "HTTP/1.1 200 OK"
2025-12-11 10:46:15,976 - httpx - INFO - HTTP Request: GET http://router.project-osrm.org/table/v1/driving/80.2023035,13.0008413;80.132766,12.9726283;78.6880939,10.8071144?annotations=duration "HTTP/1.1 200 OK"
2025-12-11 10:46:26,004 - httpx - INFO - HTTP Request: GET http://router.project-osrm.org/table/v1/driving/80.2023035,13.0008413;80.0904259,12.8798039;78.6880939,10.8071144?annotations=duration "HTTP/1.1 200 OK"
2025-12-11 10:46:36,037 - httpx - INFO - HTTP Request: GET http://router.project-osrm.org/table/v1/driving/80.2023035,13.0008413;80.0864443,12.8789933;78.6880939,10.8071144?annotations=duration "HTTP/1.1 200 OK"
2025-12-11 10:46:46,077 - httpx - INFO - HTTP Request: GET http://router.project-osrm.org/table/v1/driving/80.2023035,13.0008413;80.0868023,12.8786687;78.6880939,10.8071144?annotations=duration "HTTP/1.1 200 OK"
2025-12-11 10:46:56,107 - httpx - INFO - HTTP Request: GET http://router.project-osrm.org/table/v1/driving/80.2023035,13.0008413;80.0882434,12.8816435;78.6880939,10.8071144?annotations=duration "HTTP/1.1 200 OK"
2025-12-11 10:47:06,156 - httpx - INFO - HTTP Request: GET http://router.project-osrm.org/table/v1/driving/80.2023035,13.0008413;80.0885961,12.8813486;78.6880939,10.8071144?annotations=duration "HTTP/1.1 200 OK"
2025-12-11 10:47:15,972 - httpx - INFO - HTTP Request: GET http://router.project-osrm.org/table/v1/driving/80.2023035,13.0008413;80.090026,12.8828097;78.6880939,10.8071144?annotations=duration "HTTP/1.1 200 OK"
2025-12-11 10:47:17,098 - httpx - INFO - HTTP Request: GET http://router.project-osrm.org/table/v1/driving/80.2023035,13.0008413;80.0904239,12.8822684;78.6880939,10.8071144?annotations=duration "HTTP/1.1 200 OK"
2025-12-11 10:47:26,202 - httpx - INFO - HTTP Request: GET http://router.project-osrm.org/table/v1/driving/80.2023035,13.0008413;80.085604,12.8801509;78.6880939,10.8071144?annotations=duration "HTTP/1.1 200 OK"
2025-12-11 10:47:36,068 - httpx - INFO - HTTP Request: GET http://router.project-osrm.org/table/v1/driving/80.2023035,13.0008413;78.6898742,10.8612423;78.6880939,10.8071144?annotations=duration "HTTP/1.1 200 OK"
2025-12-11 10:47:46,077 - httpx - INFO - HTTP Request: GET http://router.project-osrm.org/table/v1/driving/80.2023035,13.0008413;78.6897158,10.8581798;78.6880939,10.8071144?annotations=duration "HTTP/1.1 200 OK"
2025-12-11 10:48:02,714 - __main__ - INFO - Starting Routivity Trip Planner Backend MVP (OSRM + Overpass + Firebase)
2025-12-11 10:48:14,733 - __main__ - WARNING - Firebase Admin initialization failed: Your default credentials were not found. To set up Application Default Credentials, see https://cloud.google.com/docs/authentication/external/set-up-adc for more information.. Some features may not work.
2025-12-11 10:48:14,820 - main_osrm - INFO - Starting Routivity Trip Planner Backend MVP (OSRM + Overpass + Firebase)
2025-12-11 10:48:27,131 - main_osrm - WARNING - Firebase Admin initialization failed: Your default credentials were not found. To set up Application Default Credentials, see https://cloud.google.com/docs/authentication/external/set-up-adc for more information.. Some features may not work.
2025-12-11 10:50:47,344 - main_osrm - INFO - === ENHANCED create_trip with personalization ===
2025-12-11 10:50:47,344 - main_osrm - INFO - Using explicitly passed personalization preferences: foodPreference='any' budget='moderate' pace='balanced' mood='adventure' companions='solo' activities=[] accessibility='none'
2025-12-11 10:50:47,344 - main_osrm - INFO - Fetching baseline OSRM route...
2025-12-11 10:50:48,253 - httpx - INFO - HTTP Request: GET http://router.project-osrm.org/route/v1/driving/80.2023035,13.0008413;78.6880939,10.8071144?overview=full&geometries=geojson&steps=true "HTTP/1.1 200 OK"
2025-12-11 10:50:49,072 - main_osrm - INFO - Baseline route: duration=15506s distance=310448.6m
2025-12-11 10:50:49,072 - main_osrm - INFO - Initial trip window: depart=2025-12-12T04:09:42.976000
2025-12-11 10:50:49,072 - main_osrm - INFO - Extracted 39 checkpoints from baseline route
2025-12-11 10:50:49,072 - main_osrm - INFO - Skipping meal 'lunch' - window doesn't intersect trip
2025-12-11 10:50:49,072 - main_osrm - INFO - Skipping meal 'dinner' - window doesn't intersect trip
2025-12-11 10:50:49,072 - main_osrm - INFO - Considering meals: ['breakfast']
2025-12-11 10:50:49,072 - main_osrm - INFO - Processing meal 'breakfast' with personalization
2025-12-11 10:50:49,081 - main_osrm - INFO - Meal 'breakfast' ETA: 2025-12-12T08:19:36.876000 at 11.960534,79.493441
2025-12-11 10:50:49,081 - main_osrm - INFO - Searching Overpass for 'restaurant' around 11.960534,79.493441 (radius=3000m)
2025-12-11 10:50:50,296 - httpx - INFO - HTTP Request: POST https://overpass-api.de/api/interpreter "HTTP/1.1 200 OK"
2025-12-11 10:50:50,299 - main_osrm - INFO - Overpass returned 7 places for breakfast at radius=3000m
2025-12-11 10:50:50,301 - main_osrm - INFO - 7 places after SMART preference filtering for breakfast
2025-12-11 10:50:51,206 - httpx - INFO - HTTP Request: GET http://router.project-osrm.org/table/v1/driving/80.2023035,13.0008413;79.4979967,11.9621113;78.6880939,10.8071144?annotations=duration "HTTP/1.1 200 OK"
2025-12-11 10:51:01,246 - httpx - INFO - HTTP Request: GET http://router.project-osrm.org/table/v1/driving/80.2023035,13.0008413;79.496043,11.9410714;78.6880939,10.8071144?annotations=duration "HTTP/1.1 200 OK"
2025-12-11 10:51:11,150 - httpx - INFO - HTTP Request: GET http://router.project-osrm.org/table/v1/driving/80.2023035,13.0008413;79.497756,11.9399354;78.6880939,10.8071144?annotations=duration "HTTP/1.1 200 OK"
2025-12-11 10:51:21,230 - httpx - INFO - HTTP Request: GET http://router.project-osrm.org/table/v1/driving/80.2023035,13.0008413;79.4982114,11.9398828;78.6880939,10.8071144?annotations=duration "HTTP/1.1 200 OK"
2025-12-11 10:51:31,320 - httpx - INFO - HTTP Request: GET http://router.project-osrm.org/table/v1/driving/80.2023035,13.0008413;79.4978252,11.9401915;78.6880939,10.8071144?annotations=duration "HTTP/1.1 200 OK"
2025-12-11 10:51:41,158 - httpx - INFO - HTTP Request: GET http://router.project-osrm.org/table/v1/driving/80.2023035,13.0008413;79.4913722,11.9407446;78.6880939,10.8071144?annotations=duration "HTTP/1.1 200 OK"
2025-12-11 10:51:51,301 - httpx - INFO - HTTP Request: GET http://router.project-osrm.org/table/v1/driving/80.2023035,13.0008413;79.4867418,11.9387149;78.6880939,10.8071144?annotations=duration "HTTP/1.1 200 OK"
2025-12-11 10:51:51,306 - main_osrm - INFO - 7 candidates scored for breakfast
2025-12-11 10:51:51,306 - main_osrm - INFO - Selected: Hotel Kailash score=1.63 detour=7min
2025-12-11 10:51:51,306 - main_osrm - INFO - Selected: Hotel Anandha score=1.47 detour=6min
2025-12-11 10:51:51,306 - main_osrm - INFO - Selected: Hotel Archana score=1.47 detour=6min
2025-12-11 10:51:51,306 - main_osrm - INFO - Selected: RK Sastha Bhavan score=1.37 detour=7min
2025-12-11 10:51:51,309 - main_osrm - INFO - Selected: Sri Annai Restaurant score=1.27 detour=7min
2025-12-11 10:51:51,309 - main_osrm - INFO - DEBUG: Meal suggestions structure: {'breakfast': [PlaceSuggestion(osm_id='7206180386', name='Hotel Kailash', location=LatLng(lat=11.9401915, lng=79.4978252), detour_minutes=7, eta_iso='2025-12-12T08:26:36.876000', tags={'amenity': 'restaurant', 'check_date': '2023-09-03', 'cuisine': 'local', 'diet:vegetarian': 'only', 'name': 'Hotel Kailash', 'source': 'survey'}, personalization_score=1.633333333333333, match_reasons=['Great for adventure mood']), PlaceSuggestion(osm_id='5234806088', name='Hotel Anandha', location=LatLng(lat=11.9410714, lng=79.496043), detour_minutes=6, eta_iso='2025-12-12T08:25:36.876000', tags={'air_conditioning': 'yes', 'amenity': 'restaurant', 'check_date': '2023-09-03', 'diet:vegetarian': 'yes', 'name': 'Hotel Anandha'}, personalization_score=1.4699999999999998, match_reasons=[]), PlaceSuggestion(osm_id='7602187148', name='Hotel Archana', location=LatLng(lat=11.9407446, lng=79.4913722), detour_minutes=6, eta_iso='2025-12-12T08:25:36.876000', tags={'air_conditioning': 'no', 'amenity': 'restaurant', 'diet:vegetarian': 'only', 'indoor_seating': 'yes', 'name': 'Hotel Archana', 'outdoor_seating': 'no', 'smoking': 'no'}, personalization_score=1.4699999999999998, match_reasons=[]), PlaceSuggestion(osm_id='5234909593', name='RK Sastha Bhavan', location=LatLng(lat=11.9399354, lng=79.497756), detour_minutes=7, eta_iso='2025-12-12T08:26:36.876000', tags={'amenity': 'restaurant', 'check_date': '2023-09-03', 'diet:vegetarian': 'yes', 'name': 'RK Sastha Bhavan'}, personalization_score=1.3699999999999999, match_reasons=[]), PlaceSuggestion(osm_id='5692239870', name='Sri Annai Restaurant', location=LatLng(lat=11.9398828, lng=79.4982114), detour_minutes=7, eta_iso='2025-12-12T08:26:36.876000', tags={'amenity': 'restaurant', 'check_date': '2023-09-03', 'name': 'Sri Annai Restaurant'}, personalization_score=1.27, match_reasons=[])]}
2025-12-11 10:51:51,309 - main_osrm - INFO - DEBUG: breakfast has 5 suggestions
2025-12-11 10:51:51,309 - main_osrm - INFO - DEBUG: Suggestion 1: osm_id='7206180386' name='Hotel Kailash' location=LatLng(lat=11.9401915, lng=79.4978252) detour_minutes=7 eta_iso='2025-12-12T08:26:36.876000' tags={'amenity': 'restaurant', 'check_date': '2023-09-03', 'cuisine': 'local', 'diet:vegetarian': 'only', 'name': 'Hotel Kailash', 'source': 'survey'} personalization_score=1.633333333333333 match_reasons=['Great for adventure mood']
2025-12-11 10:51:51,311 - main_osrm - INFO - DEBUG: Suggestion 2: osm_id='5234806088' name='Hotel Anandha' location=LatLng(lat=11.9410714, lng=79.496043) detour_minutes=6 eta_iso='2025-12-12T08:25:36.876000' tags={'air_conditioning': 'yes', 'amenity': 'restaurant', 'check_date': '2023-09-03', 'diet:vegetarian': 'yes', 'name': 'Hotel Anandha'} personalization_score=1.4699999999999998 match_reasons=[]
2025-12-11 10:51:51,311 - main_osrm - INFO - DEBUG: Suggestion 3: osm_id='7602187148' name='Hotel Archana' location=LatLng(lat=11.9407446, lng=79.4913722) detour_minutes=6 eta_iso='2025-12-12T08:25:36.876000' tags={'air_conditioning': 'no', 'amenity': 'restaurant', 'diet:vegetarian': 'only', 'indoor_seating': 'yes', 'name': 'Hotel Archana', 'outdoor_seating': 'no', 'smoking': 'no'} personalization_score=1.4699999999999998 match_reasons=[]
2025-12-11 10:51:51,312 - main_osrm - INFO - DEBUG: Suggestion 4: osm_id='5234909593' name='RK Sastha Bhavan' location=LatLng(lat=11.9399354, lng=79.497756) detour_minutes=7 eta_iso='2025-12-12T08:26:36.876000' tags={'amenity': 'restaurant', 'check_date': '2023-09-03', 'diet:vegetarian': 'yes', 'name': 'RK Sastha Bhavan'} personalization_score=1.3699999999999999 match_reasons=[]
2025-12-11 10:51:51,312 - main_osrm - INFO - DEBUG: Suggestion 5: osm_id='5692239870' name='Sri Annai Restaurant' location=LatLng(lat=11.9398828, lng=79.4982114) detour_minutes=7 eta_iso='2025-12-12T08:26:36.876000' tags={'amenity': 'restaurant', 'check_date': '2023-09-03', 'name': 'Sri Annai Restaurant'} personalization_score=1.27 match_reasons=[]
2025-12-11 10:51:51,312 - main_osrm - INFO - Searching for tourist spots along the route...
2025-12-11 10:51:51,312 - main_osrm - INFO - Searching for tourist spots along the route...
2025-12-11 10:51:53,602 - httpx - INFO - HTTP Request: POST https://overpass-api.de/api/interpreter "HTTP/1.1 200 OK"
2025-12-11 10:51:56,262 - httpx - INFO - HTTP Request: POST https://overpass-api.de/api/interpreter "HTTP/1.1 200 OK"
2025-12-11 10:51:58,752 - httpx - INFO - HTTP Request: POST https://overpass-api.de/api/interpreter "HTTP/1.1 200 OK"
2025-12-11 10:51:58,765 - main_osrm - INFO - Found 39 potential tourist spots
2025-12-11 10:52:01,257 - httpx - INFO - HTTP Request: GET http://router.project-osrm.org/table/v1/driving/80.2023035,13.0008413;80.1414056,12.9487041;78.6880939,10.8071144?annotations=duration "HTTP/1.1 200 OK"
2025-12-11 10:52:11,430 - httpx - INFO - HTTP Request: GET http://router.project-osrm.org/table/v1/driving/80.2023035,13.0008413;80.1262243,12.970937;78.6880939,10.8071144?annotations=duration "HTTP/1.1 200 OK"
2025-12-11 10:52:21,326 - httpx - INFO - HTTP Request: GET http://router.project-osrm.org/table/v1/driving/80.2023035,13.0008413;80.1254171,12.970893;78.6880939,10.8071144?annotations=duration "HTTP/1.1 200 OK"
2025-12-11 10:52:31,354 - httpx - INFO - HTTP Request: GET http://router.project-osrm.org/table/v1/driving/80.2023035,13.0008413;80.0952989,12.8681353;78.6880939,10.8071144?annotations=duration "HTTP/1.1 200 OK"
2025-12-11 10:52:41,400 - httpx - INFO - HTTP Request: GET http://router.project-osrm.org/table/v1/driving/80.2023035,13.0008413;80.0823454,12.8800708;78.6880939,10.8071144?annotations=duration "HTTP/1.1 200 OK"
2025-12-11 10:52:51,419 - httpx - INFO - HTTP Request: GET http://router.project-osrm.org/table/v1/driving/80.2023035,13.0008413;80.1452408,12.9518426;78.6880939,10.8071144?annotations=duration "HTTP/1.1 200 OK"
2025-12-11 10:53:01,473 - httpx - INFO - HTTP Request: GET http://router.project-osrm.org/table/v1/driving/80.2023035,13.0008413;80.183337,12.9741318;78.6880939,10.8071144?annotations=duration "HTTP/1.1 200 OK"
2025-12-11 10:53:02,492 - httpx - INFO - HTTP Request: GET http://router.project-osrm.org/table/v1/driving/80.2023035,13.0008413;80.1919684,12.9985702;78.6880939,10.8071144?annotations=duration "HTTP/1.1 200 OK"
2025-12-11 10:53:11,945 - httpx - INFO - HTTP Request: GET http://router.project-osrm.org/table/v1/driving/80.2023035,13.0008413;80.0807679,13.0088622;78.6880939,10.8071144?annotations=duration "HTTP/1.1 200 OK"
2025-12-11 10:53:12,905 - httpx - INFO - HTTP Request: GET http://router.project-osrm.org/table/v1/driving/80.2023035,13.0008413;80.0789873,12.997913;78.6880939,10.8071144?annotations=duration "HTTP/1.1 200 OK"
2025-12-11 10:53:21,334 - httpx - INFO - HTTP Request: GET http://router.project-osrm.org/table/v1/driving/80.2023035,13.0008413;80.1939606,13.0054087;78.6880939,10.8071144?annotations=duration "HTTP/1.1 200 OK"
2025-12-11 10:53:31,377 - httpx - INFO - HTTP Request: GET http://router.project-osrm.org/table/v1/driving/80.2023035,13.0008413;80.1939524,13.0053135;78.6880939,10.8071144?annotations=duration "HTTP/1.1 200 OK"
2025-12-11 10:53:41,500 - httpx - INFO - HTTP Request: GET http://router.project-osrm.org/table/v1/driving/80.2023035,13.0008413;80.2015429,13.0055545;78.6880939,10.8071144?annotations=duration "HTTP/1.1 200 OK"
2025-12-11 10:53:51,243 - httpx - INFO - HTTP Request: GET http://router.project-osrm.org/table/v1/driving/80.2023035,13.0008413;80.0920683,12.8995145;78.6880939,10.8071144?annotations=duration "HTTP/1.1 200 OK"
2025-12-11 10:54:01,477 - httpx - INFO - HTTP Request: GET http://router.project-osrm.org/table/v1/driving/80.2023035,13.0008413;80.0786613,12.9371754;78.6880939,10.8071144?annotations=duration "HTTP/1.1 200 OK"
2025-12-11 10:54:11,919 - httpx - INFO - HTTP Request: GET http://router.project-osrm.org/table/v1/driving/80.2023035,13.0008413;80.0919655,12.8827316;78.6880939,10.8071144?annotations=duration "HTTP/1.1 200 OK"
2025-12-11 10:54:21,267 - httpx - INFO - HTTP Request: GET http://router.project-osrm.org/table/v1/driving/80.2023035,13.0008413;80.190172,13.0135764;78.6880939,10.8071144?annotations=duration "HTTP/1.1 200 OK"
2025-12-11 10:54:31,375 - httpx - INFO - HTTP Request: GET http://router.project-osrm.org/table/v1/driving/80.2023035,13.0008413;80.0839373,12.8809428;78.6880939,10.8071144?annotations=duration "HTTP/1.1 200 OK"
2025-12-11 10:54:41,303 - httpx - INFO - HTTP Request: GET http://router.project-osrm.org/table/v1/driving/80.2023035,13.0008413;80.0922487,12.88415;78.6880939,10.8071144?annotations=duration "HTTP/1.1 200 OK"
2025-12-11 10:54:51,344 - httpx - INFO - HTTP Request: GET http://router.project-osrm.org/table/v1/driving/80.2023035,13.0008413;80.0838801,12.8803052;78.6880939,10.8071144?annotations=duration "HTTP/1.1 200 OK"
2025-12-11 10:55:01,583 - httpx - INFO - HTTP Request: GET http://router.project-osrm.org/table/v1/driving/80.2023035,13.0008413;80.0848185,12.8804755;78.6880939,10.8071144?annotations=duration "HTTP/1.1 200 OK"
2025-12-11 10:55:11,508 - httpx - INFO - HTTP Request: GET http://router.project-osrm.org/table/v1/driving/80.2023035,13.0008413;80.0849109,12.8812785;78.6880939,10.8071144?annotations=duration "HTTP/1.1 200 OK"
2025-12-11 10:55:21,562 - httpx - INFO - HTTP Request: GET http://router.project-osrm.org/table/v1/driving/80.2023035,13.0008413;80.0909986,12.8837415;78.6880939,10.8071144?annotations=duration "HTTP/1.1 200 OK"
2025-12-11 10:55:31,367 - httpx - INFO - HTTP Request: GET http://router.project-osrm.org/table/v1/driving/80.2023035,13.0008413;80.0888542,12.8824316;78.6880939,10.8071144?annotations=duration "HTTP/1.1 200 OK"
2025-12-11 10:55:41,313 - httpx - INFO - HTTP Request: GET http://router.project-osrm.org/table/v1/driving/80.2023035,13.0008413;80.132766,12.9726283;78.6880939,10.8071144?annotations=duration "HTTP/1.1 200 OK"
2025-12-11 10:55:51,452 - httpx - INFO - HTTP Request: GET http://router.project-osrm.org/table/v1/driving/80.2023035,13.0008413;80.0904259,12.8798039;78.6880939,10.8071144?annotations=duration "HTTP/1.1 200 OK"
2025-12-11 10:56:01,331 - httpx - INFO - HTTP Request: GET http://router.project-osrm.org/table/v1/driving/80.2023035,13.0008413;80.0864443,12.8789933;78.6880939,10.8071144?annotations=duration "HTTP/1.1 200 OK"
2025-12-11 11:16:48,057 - main_osrm - WARNING - compute_detour_osrm failed: 
2025-12-11 11:16:51,608 - httpx - INFO - HTTP Request: GET http://router.project-osrm.org/table/v1/driving/80.2023035,13.0008413;80.0882434,12.8816435;78.6880939,10.8071144?annotations=duration "HTTP/1.1 200 OK"
2025-12-11 11:17:01,930 - httpx - INFO - HTTP Request: GET http://router.project-osrm.org/table/v1/driving/80.2023035,13.0008413;80.0885961,12.8813486;78.6880939,10.8071144?annotations=duration "HTTP/1.1 200 OK"
2025-12-11 11:17:11,655 - httpx - INFO - HTTP Request: GET http://router.project-osrm.org/table/v1/driving/80.2023035,13.0008413;80.090026,12.8828097;78.6880939,10.8071144?annotations=duration "HTTP/1.1 200 OK"
2025-12-11 11:17:21,790 - httpx - INFO - HTTP Request: GET http://router.project-osrm.org/table/v1/driving/80.2023035,13.0008413;80.0904239,12.8822684;78.6880939,10.8071144?annotations=duration "HTTP/1.1 200 OK"
2025-12-11 11:17:31,728 - httpx - INFO - HTTP Request: GET http://router.project-osrm.org/table/v1/driving/80.2023035,13.0008413;80.085604,12.8801509;78.6880939,10.8071144?annotations=duration "HTTP/1.1 200 OK"
2025-12-11 11:17:41,637 - httpx - INFO - HTTP Request: GET http://router.project-osrm.org/table/v1/driving/80.2023035,13.0008413;78.6898742,10.8612423;78.6880939,10.8071144?annotations=duration "HTTP/1.1 200 OK"
2025-12-11 11:17:51,662 - httpx - INFO - HTTP Request: GET http://router.project-osrm.org/table/v1/driving/80.2023035,13.0008413;78.6897158,10.8581798;78.6880939,10.8071144?annotations=duration "HTTP/1.1 200 OK"
2025-12-11 11:18:01,692 - httpx - INFO - HTTP Request: GET http://router.project-osrm.org/table/v1/driving/80.2023035,13.0008413;78.6910546,10.8623432;78.6880939,10.8071144?annotations=duration "HTTP/1.1 200 OK"
2025-12-11 11:18:12,472 - httpx - INFO - HTTP Request: GET http://router.project-osrm.org/table/v1/driving/80.2023035,13.0008413;78.6861259,10.7972125;78.6880939,10.8071144?annotations=duration "HTTP/1.1 200 OK"
2025-12-11 11:18:21,789 - httpx - INFO - HTTP Request: GET http://router.project-osrm.org/table/v1/driving/80.2023035,13.0008413;78.6899038,10.8641056;78.6880939,10.8071144?annotations=duration "HTTP/1.1 200 OK"
2025-12-11 11:18:31,851 - httpx - INFO - HTTP Request: GET http://router.project-osrm.org/table/v1/driving/80.2023035,13.0008413;78.6643448,10.9046294;78.6880939,10.8071144?annotations=duration "HTTP/1.1 200 OK"
2025-12-11 11:18:31,851 - main_osrm - INFO - Final Selection: 10 tourist spots
2025-12-11 11:18:31,855 - main_osrm - INFO - DEBUG: Final response meal_suggestions: {'breakfast': [PlaceSuggestion(osm_id='7206180386', name='Hotel Kailash', location=LatLng(lat=11.9401915, lng=79.4978252), detour_minutes=7, eta_iso='2025-12-12T08:26:36.876000', tags={'amenity': 'restaurant', 'check_date': '2023-09-03', 'cuisine': 'local', 'diet:vegetarian': 'only', 'name': 'Hotel Kailash', 'source': 'survey'}, personalization_score=1.633333333333333, match_reasons=['Great for adventure mood']), PlaceSuggestion(osm_id='5234806088', name='Hotel Anandha', location=LatLng(lat=11.9410714, lng=79.496043), detour_minutes=6, eta_iso='2025-12-12T08:25:36.876000', tags={'air_conditioning': 'yes', 'amenity': 'restaurant', 'check_date': '2023-09-03', 'diet:vegetarian': 'yes', 'name': 'Hotel Anandha'}, personalization_score=1.4699999999999998, match_reasons=[]), PlaceSuggestion(osm_id='7602187148', name='Hotel Archana', location=LatLng(lat=11.9407446, lng=79.4913722), detour_minutes=6, eta_iso='2025-12-12T08:25:36.876000', tags={'air_conditioning': 'no', 'amenity': 'restaurant', 'diet:vegetarian': 'only', 'indoor_seating': 'yes', 'name': 'Hotel Archana', 'outdoor_seating': 'no', 'smoking': 'no'}, personalization_score=1.4699999999999998, match_reasons=[]), PlaceSuggestion(osm_id='5234909593', name='RK Sastha Bhavan', location=LatLng(lat=11.9399354, lng=79.497756), detour_minutes=7, eta_iso='2025-12-12T08:26:36.876000', tags={'amenity': 'restaurant', 'check_date': '2023-09-03', 'diet:vegetarian': 'yes', 'name': 'RK Sastha Bhavan'}, personalization_score=1.3699999999999999, match_reasons=[]), PlaceSuggestion(osm_id='5692239870', name='Sri Annai Restaurant', location=LatLng(lat=11.9398828, lng=79.4982114), detour_minutes=7, eta_iso='2025-12-12T08:26:36.876000', tags={'amenity': 'restaurant', 'check_date': '2023-09-03', 'name': 'Sri Annai Restaurant'}, personalization_score=1.27, match_reasons=[])]}
2025-12-11 11:18:31,855 - main_osrm - INFO - Enhanced trip created successfully. Personalization: True
2025-12-11 11:18:31,855 - main_osrm - INFO - Request: POST /trips/create - Status: 200 - Duration: 1664511.42ms
2025-12-11 11:25:12,835 - __main__ - INFO - Starting Routivity Trip Planner Backend MVP (OSRM + Overpass + Firebase)
2025-12-11 11:25:24,798 - __main__ - WARNING - Firebase Admin initialization failed: Your default credentials were not found. To set up Application Default Credentials, see https://cloud.google.com/docs/authentication/external/set-up-adc for more information.. Some features may not work.
2025-12-11 11:25:24,922 - main_osrm - INFO - Starting Routivity Trip Planner Backend MVP (OSRM + Overpass + Firebase)
2025-12-11 11:25:37,053 - main_osrm - WARNING - Firebase Admin initialization failed: Your default credentials were not found. To set up Application Default Credentials, see https://cloud.google.com/docs/authentication/external/set-up-adc for more information.. Some features may not work.
2025-12-11 11:29:14,131 - __main__ - INFO - Starting Routivity Trip Planner Backend MVP (OSRM + Overpass + Firebase)
2025-12-11 11:29:26,064 - __main__ - WARNING - Firebase Admin initialization failed: Your default credentials were not found. To set up Application Default Credentials, see https://cloud.google.com/docs/authentication/external/set-up-adc for more information.. Some features may not work.
2025-12-11 11:29:26,163 - main_osrm - INFO - Starting Routivity Trip Planner Backend MVP (OSRM + Overpass + Firebase)
2025-12-11 11:29:38,325 - main_osrm - WARNING - Firebase Admin initialization failed: Your default credentials were not found. To set up Application Default Credentials, see https://cloud.google.com/docs/authentication/external/set-up-adc for more information.. Some features may not work.
2025-12-11 11:30:32,229 - main_osrm - WARNING - Firebase not initialized, cannot fetch user preferences
2025-12-11 11:30:32,229 - main_osrm - INFO - Request: GET /users/zpwStsb1U3YoGkLKOaYfRcvBiGl1/preferences - Status: 404 - Duration: 0.00ms
2025-12-11 11:31:15,174 - main_osrm - INFO - === ENHANCED create_trip with personalization ===
2025-12-11 11:31:15,176 - main_osrm - INFO - Using explicitly passed personalization preferences: foodPreference='non-vegetarian' budget='moderate' pace='balanced' mood='adventure' companions='solo' activities=[] accessibility='none'
2025-12-11 11:31:15,177 - main_osrm - INFO - Fetching baseline OSRM route...
2025-12-11 11:31:16,146 - httpx - INFO - HTTP Request: GET http://router.project-osrm.org/route/v1/driving/80.2023035,13.0008413;78.6880939,10.8071144?overview=full&geometries=geojson&steps=true "HTTP/1.1 200 OK"
2025-12-11 11:31:17,184 - main_osrm - INFO - Baseline route: duration=15506s distance=310448.6m
2025-12-11 11:31:17,188 - main_osrm - INFO - Initial trip window: depart=2025-12-12T04:57:05.987000
2025-12-11 11:31:17,188 - main_osrm - INFO - Extracted 39 checkpoints from baseline route
2025-12-11 11:31:17,188 - main_osrm - INFO - Skipping meal 'lunch' - window doesn't intersect trip
2025-12-11 11:31:17,188 - main_osrm - INFO - Skipping meal 'dinner' - window doesn't intersect trip
2025-12-11 11:31:17,188 - main_osrm - INFO - Considering meals: ['breakfast']
2025-12-11 11:31:17,191 - main_osrm - INFO - Processing meal 'breakfast' with personalization
2025-12-11 11:31:17,191 - main_osrm - INFO - Meal 'breakfast' ETA: 2025-12-12T09:06:59.887000 at 11.960534,79.493441
2025-12-11 11:31:17,191 - main_osrm - INFO - Searching Overpass for 'restaurant' around 11.960534,79.493441 (radius=3000m)
2025-12-11 11:31:18,457 - httpx - INFO - HTTP Request: POST https://overpass-api.de/api/interpreter "HTTP/1.1 200 OK"
2025-12-11 11:31:18,457 - main_osrm - INFO - Overpass returned 7 places for breakfast at radius=3000m
2025-12-11 11:31:18,459 - main_osrm - INFO - 7 places after SMART preference filtering for breakfast
2025-12-11 11:31:19,353 - httpx - INFO - HTTP Request: GET http://router.project-osrm.org/table/v1/driving/80.2023035,13.0008413;79.4979967,11.9621113;78.6880939,10.8071144?annotations=duration "HTTP/1.1 200 OK"
2025-12-11 11:31:20,647 - httpx - INFO - HTTP Request: GET http://router.project-osrm.org/table/v1/driving/80.2023035,13.0008413;79.496043,11.9410714;78.6880939,10.8071144?annotations=duration "HTTP/1.1 200 OK"
2025-12-11 11:31:29,553 - httpx - INFO - HTTP Request: GET http://router.project-osrm.org/table/v1/driving/80.2023035,13.0008413;79.497756,11.9399354;78.6880939,10.8071144?annotations=duration "HTTP/1.1 200 OK"
2025-12-11 11:31:39,388 - httpx - INFO - HTTP Request: GET http://router.project-osrm.org/table/v1/driving/80.2023035,13.0008413;79.4982114,11.9398828;78.6880939,10.8071144?annotations=duration "HTTP/1.1 200 OK"
2025-12-11 11:31:49,435 - httpx - INFO - HTTP Request: GET http://router.project-osrm.org/table/v1/driving/80.2023035,13.0008413;79.4978252,11.9401915;78.6880939,10.8071144?annotations=duration "HTTP/1.1 200 OK"
2025-12-11 11:31:59,663 - httpx - INFO - HTTP Request: GET http://router.project-osrm.org/table/v1/driving/80.2023035,13.0008413;79.4913722,11.9407446;78.6880939,10.8071144?annotations=duration "HTTP/1.1 200 OK"
2025-12-11 11:32:09,433 - httpx - INFO - HTTP Request: GET http://router.project-osrm.org/table/v1/driving/80.2023035,13.0008413;79.4867418,11.9387149;78.6880939,10.8071144?annotations=duration "HTTP/1.1 200 OK"
2025-12-11 11:32:09,433 - main_osrm - INFO - 7 candidates scored for breakfast
2025-12-11 11:32:09,433 - main_osrm - INFO - Selected: Hotel Kailash score=1.63 detour=7min
2025-12-11 11:32:09,433 - main_osrm - INFO - Selected: Hotel Anandha score=1.47 detour=6min
2025-12-11 11:32:09,433 - main_osrm - INFO - Selected: Hotel Archana score=1.47 detour=6min
2025-12-11 11:32:09,439 - main_osrm - INFO - Selected: RK Sastha Bhavan score=1.37 detour=7min
2025-12-11 11:32:09,439 - main_osrm - INFO - Selected: Sri Annai Restaurant score=1.27 detour=7min
2025-12-11 11:32:09,441 - main_osrm - INFO - DEBUG: Meal suggestions structure: {'breakfast': [PlaceSuggestion(osm_id='7206180386', name='Hotel Kailash', location=LatLng(lat=11.9401915, lng=79.4978252), detour_minutes=7, eta_iso='2025-12-12T09:13:59.887000', tags={'amenity': 'restaurant', 'check_date': '2023-09-03', 'cuisine': 'local', 'diet:vegetarian': 'only', 'name': 'Hotel Kailash', 'source': 'survey'}, personalization_score=1.633333333333333, match_reasons=['Great for adventure mood']), PlaceSuggestion(osm_id='5234806088', name='Hotel Anandha', location=LatLng(lat=11.9410714, lng=79.496043), detour_minutes=6, eta_iso='2025-12-12T09:12:59.887000', tags={'air_conditioning': 'yes', 'amenity': 'restaurant', 'check_date': '2023-09-03', 'diet:vegetarian': 'yes', 'name': 'Hotel Anandha'}, personalization_score=1.4699999999999998, match_reasons=[]), PlaceSuggestion(osm_id='7602187148', name='Hotel Archana', location=LatLng(lat=11.9407446, lng=79.4913722), detour_minutes=6, eta_iso='2025-12-12T09:12:59.887000', tags={'air_conditioning': 'no', 'amenity': 'restaurant', 'diet:vegetarian': 'only', 'indoor_seating': 'yes', 'name': 'Hotel Archana', 'outdoor_seating': 'no', 'smoking': 'no'}, personalization_score=1.4699999999999998, match_reasons=[]), PlaceSuggestion(osm_id='5234909593', name='RK Sastha Bhavan', location=LatLng(lat=11.9399354, lng=79.497756), detour_minutes=7, eta_iso='2025-12-12T09:13:59.887000', tags={'amenity': 'restaurant', 'check_date': '2023-09-03', 'diet:vegetarian': 'yes', 'name': 'RK Sastha Bhavan'}, personalization_score=1.3699999999999999, match_reasons=[]), PlaceSuggestion(osm_id='5692239870', name='Sri Annai Restaurant', location=LatLng(lat=11.9398828, lng=79.4982114), detour_minutes=7, eta_iso='2025-12-12T09:13:59.887000', tags={'amenity': 'restaurant', 'check_date': '2023-09-03', 'name': 'Sri Annai Restaurant'}, personalization_score=1.27, match_reasons=[])]}
2025-12-11 11:32:09,443 - main_osrm - INFO - DEBUG: breakfast has 5 suggestions
2025-12-11 11:32:09,443 - main_osrm - INFO - DEBUG: Suggestion 1: osm_id='7206180386' name='Hotel Kailash' location=LatLng(lat=11.9401915, lng=79.4978252) detour_minutes=7 eta_iso='2025-12-12T09:13:59.887000' tags={'amenity': 'restaurant', 'check_date': '2023-09-03', 'cuisine': 'local', 'diet:vegetarian': 'only', 'name': 'Hotel Kailash', 'source': 'survey'} personalization_score=1.633333333333333 match_reasons=['Great for adventure mood']
2025-12-11 11:32:09,443 - main_osrm - INFO - DEBUG: Suggestion 2: osm_id='5234806088' name='Hotel Anandha' location=LatLng(lat=11.9410714, lng=79.496043) detour_minutes=6 eta_iso='2025-12-12T09:12:59.887000' tags={'air_conditioning': 'yes', 'amenity': 'restaurant', 'check_date': '2023-09-03', 'diet:vegetarian': 'yes', 'name': 'Hotel Anandha'} personalization_score=1.4699999999999998 match_reasons=[]
2025-12-11 11:32:09,443 - main_osrm - INFO - DEBUG: Suggestion 3: osm_id='7602187148' name='Hotel Archana' location=LatLng(lat=11.9407446, lng=79.4913722) detour_minutes=6 eta_iso='2025-12-12T09:12:59.887000' tags={'air_conditioning': 'no', 'amenity': 'restaurant', 'diet:vegetarian': 'only', 'indoor_seating': 'yes', 'name': 'Hotel Archana', 'outdoor_seating': 'no', 'smoking': 'no'} personalization_score=1.4699999999999998 match_reasons=[]
2025-12-11 11:32:09,443 - main_osrm - INFO - DEBUG: Suggestion 4: osm_id='5234909593' name='RK Sastha Bhavan' location=LatLng(lat=11.9399354, lng=79.497756) detour_minutes=7 eta_iso='2025-12-12T09:13:59.887000' tags={'amenity': 'restaurant', 'check_date': '2023-09-03', 'diet:vegetarian': 'yes', 'name': 'RK Sastha Bhavan'} personalization_score=1.3699999999999999 match_reasons=[]
2025-12-11 11:32:09,449 - main_osrm - INFO - DEBUG: Suggestion 5: osm_id='5692239870' name='Sri Annai Restaurant' location=LatLng(lat=11.9398828, lng=79.4982114) detour_minutes=7 eta_iso='2025-12-12T09:13:59.887000' tags={'amenity': 'restaurant', 'check_date': '2023-09-03', 'name': 'Sri Annai Restaurant'} personalization_score=1.27 match_reasons=[]
2025-12-11 11:32:09,449 - main_osrm - INFO - Searching for tourist spots along the route...
2025-12-11 11:32:09,450 - main_osrm - INFO - Searching for tourist spots along the route...
2025-12-11 11:32:11,957 - httpx - INFO - HTTP Request: POST https://overpass-api.de/api/interpreter "HTTP/1.1 200 OK"
2025-12-11 11:32:13,877 - httpx - INFO - HTTP Request: POST https://overpass-api.de/api/interpreter "HTTP/1.1 200 OK"
2025-12-11 11:32:16,476 - httpx - INFO - HTTP Request: POST https://overpass-api.de/api/interpreter "HTTP/1.1 200 OK"
2025-12-11 11:32:16,476 - main_osrm - INFO - Found 39 potential tourist spots
2025-12-11 11:32:19,530 - httpx - INFO - HTTP Request: GET http://router.project-osrm.org/table/v1/driving/80.2023035,13.0008413;80.1414056,12.9487041;78.6880939,10.8071144?annotations=duration "HTTP/1.1 200 OK"
2025-12-11 11:32:29,563 - httpx - INFO - HTTP Request: GET http://router.project-osrm.org/table/v1/driving/80.2023035,13.0008413;80.0952989,12.8681353;78.6880939,10.8071144?annotations=duration "HTTP/1.1 200 OK"
2025-12-11 11:32:39,443 - httpx - INFO - HTTP Request: GET http://router.project-osrm.org/table/v1/driving/80.2023035,13.0008413;80.0823454,12.8800708;78.6880939,10.8071144?annotations=duration "HTTP/1.1 200 OK"
2025-12-11 11:32:49,432 - httpx - INFO - HTTP Request: GET http://router.project-osrm.org/table/v1/driving/80.2023035,13.0008413;80.1452408,12.9518426;78.6880939,10.8071144?annotations=duration "HTTP/1.1 200 OK"
2025-12-11 11:32:59,671 - httpx - INFO - HTTP Request: GET http://router.project-osrm.org/table/v1/driving/80.2023035,13.0008413;80.183337,12.9741318;78.6880939,10.8071144?annotations=duration "HTTP/1.1 200 OK"
2025-12-11 11:33:09,612 - httpx - INFO - HTTP Request: GET http://router.project-osrm.org/table/v1/driving/80.2023035,13.0008413;80.1919684,12.9985702;78.6880939,10.8071144?annotations=duration "HTTP/1.1 200 OK"
2025-12-11 11:33:19,431 - httpx - INFO - HTTP Request: GET http://router.project-osrm.org/table/v1/driving/80.2023035,13.0008413;80.0920683,12.8995145;78.6880939,10.8071144?annotations=duration "HTTP/1.1 200 OK"
2025-12-11 11:33:29,570 - httpx - INFO - HTTP Request: GET http://router.project-osrm.org/table/v1/driving/80.2023035,13.0008413;80.0919655,12.8827316;78.6880939,10.8071144?annotations=duration "HTTP/1.1 200 OK"
2025-12-11 11:33:39,519 - httpx - INFO - HTTP Request: GET http://router.project-osrm.org/table/v1/driving/80.2023035,13.0008413;80.0839373,12.8809428;78.6880939,10.8071144?annotations=duration "HTTP/1.1 200 OK"
2025-12-11 11:33:49,438 - httpx - INFO - HTTP Request: GET http://router.project-osrm.org/table/v1/driving/80.2023035,13.0008413;80.0922487,12.88415;78.6880939,10.8071144?annotations=duration "HTTP/1.1 200 OK"
2025-12-11 11:33:49,441 - main_osrm - INFO - Final Selection: 10 tourist spots (from 39 raw)
2025-12-11 11:33:49,443 - main_osrm - INFO - DEBUG: Final response meal_suggestions: {'breakfast': [PlaceSuggestion(osm_id='7206180386', name='Hotel Kailash', location=LatLng(lat=11.9401915, lng=79.4978252), detour_minutes=7, eta_iso='2025-12-12T09:13:59.887000', tags={'amenity': 'restaurant', 'check_date': '2023-09-03', 'cuisine': 'local', 'diet:vegetarian': 'only', 'name': 'Hotel Kailash', 'source': 'survey'}, personalization_score=1.633333333333333, match_reasons=['Great for adventure mood']), PlaceSuggestion(osm_id='5234806088', name='Hotel Anandha', location=LatLng(lat=11.9410714, lng=79.496043), detour_minutes=6, eta_iso='2025-12-12T09:12:59.887000', tags={'air_conditioning': 'yes', 'amenity': 'restaurant', 'check_date': '2023-09-03', 'diet:vegetarian': 'yes', 'name': 'Hotel Anandha'}, personalization_score=1.4699999999999998, match_reasons=[]), PlaceSuggestion(osm_id='7602187148', name='Hotel Archana', location=LatLng(lat=11.9407446, lng=79.4913722), detour_minutes=6, eta_iso='2025-12-12T09:12:59.887000', tags={'air_conditioning': 'no', 'amenity': 'restaurant', 'diet:vegetarian': 'only', 'indoor_seating': 'yes', 'name': 'Hotel Archana', 'outdoor_seating': 'no', 'smoking': 'no'}, personalization_score=1.4699999999999998, match_reasons=[]), PlaceSuggestion(osm_id='5234909593', name='RK Sastha Bhavan', location=LatLng(lat=11.9399354, lng=79.497756), detour_minutes=7, eta_iso='2025-12-12T09:13:59.887000', tags={'amenity': 'restaurant', 'check_date': '2023-09-03', 'diet:vegetarian': 'yes', 'name': 'RK Sastha Bhavan'}, personalization_score=1.3699999999999999, match_reasons=[]), PlaceSuggestion(osm_id='5692239870', name='Sri Annai Restaurant', location=LatLng(lat=11.9398828, lng=79.4982114), detour_minutes=7, eta_iso='2025-12-12T09:13:59.887000', tags={'amenity': 'restaurant', 'check_date': '2023-09-03', 'name': 'Sri Annai Restaurant'}, personalization_score=1.27, match_reasons=[])]}
2025-12-11 11:33:49,443 - main_osrm - INFO - Enhanced trip created successfully. Personalization: True
2025-12-11 11:33:49,443 - main_osrm - INFO - Request: POST /trips/create - Status: 200 - Duration: 154283.45ms
2025-12-11 11:41:51,662 - __main__ - INFO - Starting Routivity Trip Planner Backend MVP (OSRM + Overpass + Firebase)
2025-12-11 11:42:03,827 - __main__ - WARNING - Firebase Admin initialization failed: Your default credentials were not found. To set up Application Default Credentials, see https://cloud.google.com/docs/authentication/external/set-up-adc for more information.. Some features may not work.
2025-12-11 11:42:03,939 - main_osrm - INFO - Starting Routivity Trip Planner Backend MVP (OSRM + Overpass + Firebase)
2025-12-11 11:42:16,003 - main_osrm - WARNING - Firebase Admin initialization failed: Your default credentials were not found. To set up Application Default Credentials, see https://cloud.google.com/docs/authentication/external/set-up-adc for more information.. Some features may not work.
2025-12-11 11:43:12,520 - main_osrm - WARNING - Firebase not initialized, cannot fetch user preferences
2025-12-11 11:43:12,536 - main_osrm - INFO - Request: GET /users/zpwStsb1U3YoGkLKOaYfRcvBiGl1/preferences - Status: 404 - Duration: 15.96ms
2025-12-11 11:43:29,839 - main_osrm - INFO - === ENHANCED create_trip with personalization ===
2025-12-11 11:43:29,839 - main_osrm - INFO - Using explicitly passed personalization preferences: foodPreference='any' budget='moderate' pace='balanced' mood='adventure' companions='solo' activities=[] accessibility='none'
2025-12-11 11:43:29,841 - main_osrm - INFO - Fetching baseline OSRM route...
2025-12-11 11:43:31,081 - httpx - INFO - HTTP Request: GET http://router.project-osrm.org/route/v1/driving/80.2023035,13.0008413;77.833333,9.833333?overview=full&geometries=geojson&steps=true "HTTP/1.1 200 OK"
2025-12-11 11:43:33,022 - main_osrm - INFO - Baseline route: duration=24813s distance=478349.4m
2025-12-11 11:43:33,022 - main_osrm - INFO - Initial trip window: depart=2025-12-12T02:34:39.382000
2025-12-11 11:43:33,022 - main_osrm - INFO - Extracted 62 checkpoints from baseline route
2025-12-11 11:43:33,022 - main_osrm - INFO - Skipping meal 'lunch' - window doesn't intersect trip
2025-12-11 11:43:33,022 - main_osrm - INFO - Skipping meal 'dinner' - window doesn't intersect trip
2025-12-11 11:43:33,028 - main_osrm - INFO - Considering meals: ['breakfast']
2025-12-11 11:43:33,028 - main_osrm - INFO - Processing meal 'breakfast' with personalization
2025-12-11 11:43:33,029 - main_osrm - INFO - Meal 'breakfast' ETA: 2025-12-12T08:33:22.782000 at 10.370502,78.382227
2025-12-11 11:43:33,030 - main_osrm - INFO - Searching Overpass for 'restaurant' around 10.370502,78.382227 (radius=3000m)
2025-12-11 11:43:34,643 - httpx - INFO - HTTP Request: POST https://overpass-api.de/api/interpreter "HTTP/1.1 200 OK"
2025-12-11 11:43:34,649 - main_osrm - INFO - Overpass returned 0 places for breakfast at radius=3000m
2025-12-11 11:43:34,649 - main_osrm - INFO - Searching Overpass for 'restaurant' around 10.370502,78.382227 (radius=7000m)
2025-12-11 11:43:35,739 - httpx - INFO - HTTP Request: POST https://overpass-api.de/api/interpreter "HTTP/1.1 200 OK"
2025-12-11 11:43:35,742 - main_osrm - INFO - Overpass returned 1 places for breakfast at radius=7000m
2025-12-11 11:43:35,742 - main_osrm - INFO - 1 places after SMART preference filtering for breakfast
2025-12-11 11:43:36,641 - httpx - INFO - HTTP Request: GET http://router.project-osrm.org/table/v1/driving/80.2023035,13.0008413;78.3882797,10.3174443;77.833333,9.833333?annotations=duration "HTTP/1.1 200 OK"
2025-12-11 11:43:36,655 - main_osrm - INFO - 1 candidates scored for breakfast
2025-12-11 11:43:36,655 - main_osrm - INFO - Selected: Hotel Sethu score=1.17 detour=15min
2025-12-11 11:43:36,655 - main_osrm - INFO - DEBUG: Meal suggestions structure: {'breakfast': [PlaceSuggestion(osm_id='4543308324', name='Hotel Sethu', location=LatLng(lat=10.3174443, lng=78.3882797), detour_minutes=15, eta_iso='2025-12-12T08:48:22.782000', tags={'amenity': 'restaurant', 'name': 'Hotel Sethu'}, personalization_score=1.17, match_reasons=[])]}
2025-12-11 11:43:36,655 - main_osrm - INFO - DEBUG: breakfast has 1 suggestions
2025-12-11 11:43:36,655 - main_osrm - INFO - DEBUG: Suggestion 1: osm_id='4543308324' name='Hotel Sethu' location=LatLng(lat=10.3174443, lng=78.3882797) detour_minutes=15 eta_iso='2025-12-12T08:48:22.782000' tags={'amenity': 'restaurant', 'name': 'Hotel Sethu'} personalization_score=1.17 match_reasons=[]
2025-12-11 11:43:36,655 - main_osrm - INFO - Searching for tourist spots along the route...
2025-12-11 11:43:36,655 - main_osrm - INFO - Searching for tourist spots along the route...
2025-12-11 11:43:38,939 - httpx - INFO - HTTP Request: POST https://overpass-api.de/api/interpreter "HTTP/1.1 200 OK"
2025-12-11 11:43:41,292 - httpx - INFO - HTTP Request: POST https://overpass-api.de/api/interpreter "HTTP/1.1 200 OK"
2025-12-11 11:43:43,241 - httpx - INFO - HTTP Request: POST https://overpass-api.de/api/interpreter "HTTP/1.1 200 OK"
2025-12-11 11:43:43,251 - main_osrm - INFO - Found 25 potential tourist spots
2025-12-11 11:43:46,641 - httpx - INFO - HTTP Request: GET http://router.project-osrm.org/table/v1/driving/80.2023035,13.0008413;78.0395727,9.9683143;77.833333,9.833333?annotations=duration "HTTP/1.1 200 OK"
2025-12-11 11:43:56,663 - httpx - INFO - HTTP Request: GET http://router.project-osrm.org/table/v1/driving/80.2023035,13.0008413;78.044264,9.9352443;77.833333,9.833333?annotations=duration "HTTP/1.1 200 OK"
2025-12-11 11:43:57,901 - httpx - INFO - HTTP Request: GET http://router.project-osrm.org/table/v1/driving/80.2023035,13.0008413;78.0444744,9.9242181;77.833333,9.833333?annotations=duration "HTTP/1.1 200 OK"
2025-12-11 11:44:06,757 - httpx - INFO - HTTP Request: GET http://router.project-osrm.org/table/v1/driving/80.2023035,13.0008413;78.0475677,9.9226978;77.833333,9.833333?annotations=duration "HTTP/1.1 200 OK"
2025-12-11 11:44:16,677 - httpx - INFO - HTTP Request: GET http://router.project-osrm.org/table/v1/driving/80.2023035,13.0008413;78.0934407,9.9190357;77.833333,9.833333?annotations=duration "HTTP/1.1 200 OK"
2025-12-11 11:44:26,671 - httpx - INFO - HTTP Request: GET http://router.project-osrm.org/table/v1/driving/80.2023035,13.0008413;78.0931302,9.9189578;77.833333,9.833333?annotations=duration "HTTP/1.1 200 OK"
2025-12-11 11:44:36,744 - httpx - INFO - HTTP Request: GET http://router.project-osrm.org/table/v1/driving/80.2023035,13.0008413;78.1386083,9.9298787;77.833333,9.833333?annotations=duration "HTTP/1.1 200 OK"
2025-12-11 11:44:46,811 - httpx - INFO - HTTP Request: GET http://router.project-osrm.org/table/v1/driving/80.2023035,13.0008413;78.1232992,9.9197522;77.833333,9.833333?annotations=duration "HTTP/1.1 200 OK"
2025-12-11 11:44:56,827 - httpx - INFO - HTTP Request: GET http://router.project-osrm.org/table/v1/driving/80.2023035,13.0008413;78.1232384,9.9202673;77.833333,9.833333?annotations=duration "HTTP/1.1 200 OK"
2025-12-11 11:45:06,692 - httpx - INFO - HTTP Request: GET http://router.project-osrm.org/table/v1/driving/80.2023035,13.0008413;78.138719,9.9303356;77.833333,9.833333?annotations=duration "HTTP/1.1 200 OK"
2025-12-11 11:45:06,692 - main_osrm - INFO - Final Selection: 10 tourist spots (from 25 raw)
2025-12-11 11:45:06,692 - main_osrm - INFO - DEBUG: Final response meal_suggestions: {'breakfast': [PlaceSuggestion(osm_id='4543308324', name='Hotel Sethu', location=LatLng(lat=10.3174443, lng=78.3882797), detour_minutes=15, eta_iso='2025-12-12T08:48:22.782000', tags={'amenity': 'restaurant', 'name': 'Hotel Sethu'}, personalization_score=1.17, match_reasons=[])]}
2025-12-11 11:45:06,692 - main_osrm - INFO - Enhanced trip created successfully. Personalization: True
2025-12-11 11:45:06,698 - main_osrm - INFO - Request: POST /trips/create - Status: 200 - Duration: 96859.35ms
2025-12-11 11:49:09,191 - main_osrm - INFO - === ENHANCED create_trip with personalization ===
2025-12-11 11:49:09,192 - main_osrm - INFO - Using explicitly passed personalization preferences: foodPreference='any' budget='moderate' pace='balanced' mood='adventure' companions='solo' activities=[] accessibility='none'
2025-12-11 11:49:09,193 - main_osrm - INFO - Fetching baseline OSRM route...
2025-12-11 11:49:10,059 - httpx - INFO - HTTP Request: GET http://router.project-osrm.org/route/v1/driving/80.2023035,13.0008413;77.833333,9.833333?overview=full&geometries=geojson&steps=true "HTTP/1.1 200 OK"
2025-12-11 11:49:11,978 - main_osrm - INFO - Baseline route: duration=24813s distance=478349.4m
2025-12-11 11:49:11,979 - main_osrm - INFO - Initial trip window: depart=2025-12-12T02:34:39.382000
2025-12-11 11:49:11,979 - main_osrm - INFO - Extracted 62 checkpoints from baseline route
2025-12-11 11:49:11,979 - main_osrm - INFO - Skipping meal 'lunch' - window doesn't intersect trip
2025-12-11 11:49:11,979 - main_osrm - INFO - Skipping meal 'dinner' - window doesn't intersect trip
2025-12-11 11:49:11,979 - main_osrm - INFO - Considering meals: ['breakfast']
2025-12-11 11:49:11,979 - main_osrm - INFO - Processing meal 'breakfast' with personalization
2025-12-11 11:49:11,982 - main_osrm - INFO - Meal 'breakfast' ETA: 2025-12-12T08:33:22.782000 at 10.370502,78.382227
2025-12-11 11:49:11,982 - main_osrm - INFO - Searching Overpass for 'restaurant' around 10.370502,78.382227 (radius=3000m)
2025-12-11 11:49:13,120 - httpx - INFO - HTTP Request: POST https://overpass-api.de/api/interpreter "HTTP/1.1 200 OK"
2025-12-11 11:49:13,121 - main_osrm - INFO - Overpass returned 0 places for breakfast at radius=3000m
2025-12-11 11:49:13,121 - main_osrm - INFO - Searching Overpass for 'restaurant' around 10.370502,78.382227 (radius=7000m)
2025-12-11 11:49:15,224 - httpx - INFO - HTTP Request: POST https://overpass-api.de/api/interpreter "HTTP/1.1 200 OK"
2025-12-11 11:49:15,235 - main_osrm - INFO - Overpass returned 1 places for breakfast at radius=7000m
2025-12-11 11:49:15,235 - main_osrm - INFO - 1 places after SMART preference filtering for breakfast
2025-12-11 11:49:16,351 - httpx - INFO - HTTP Request: GET http://router.project-osrm.org/table/v1/driving/80.2023035,13.0008413;78.3882797,10.3174443;77.833333,9.833333?annotations=duration "HTTP/1.1 200 OK"
2025-12-11 11:49:16,356 - main_osrm - INFO - 1 candidates scored for breakfast
2025-12-11 11:49:16,357 - main_osrm - INFO - Selected: Hotel Sethu score=1.17 detour=15min
2025-12-11 11:49:16,357 - main_osrm - INFO - DEBUG: Meal suggestions structure: {'breakfast': [PlaceSuggestion(osm_id='4543308324', name='Hotel Sethu', location=LatLng(lat=10.3174443, lng=78.3882797), detour_minutes=15, eta_iso='2025-12-12T08:48:22.782000', tags={'amenity': 'restaurant', 'name': 'Hotel Sethu'}, personalization_score=1.17, match_reasons=[])]}
2025-12-11 11:49:16,357 - main_osrm - INFO - DEBUG: breakfast has 1 suggestions
2025-12-11 11:49:16,357 - main_osrm - INFO - DEBUG: Suggestion 1: osm_id='4543308324' name='Hotel Sethu' location=LatLng(lat=10.3174443, lng=78.3882797) detour_minutes=15 eta_iso='2025-12-12T08:48:22.782000' tags={'amenity': 'restaurant', 'name': 'Hotel Sethu'} personalization_score=1.17 match_reasons=[]
2025-12-11 11:49:16,357 - main_osrm - INFO - Searching for tourist spots along the route...
2025-12-11 11:49:16,357 - main_osrm - INFO - Searching for tourist spots along the route...
2025-12-11 11:49:18,697 - httpx - INFO - HTTP Request: POST https://overpass-api.de/api/interpreter "HTTP/1.1 200 OK"
2025-12-11 11:49:21,279 - httpx - INFO - HTTP Request: POST https://overpass-api.de/api/interpreter "HTTP/1.1 200 OK"
2025-12-11 11:49:29,688 - httpx - INFO - HTTP Request: POST https://overpass-api.de/api/interpreter "HTTP/1.1 429 Too Many Requests"
2025-12-11 11:49:29,692 - main_osrm - INFO - Found 0 potential tourist spots
2025-12-11 11:49:29,692 - main_osrm - INFO - Final Selection: 0 tourist spots (from 0 raw)
2025-12-11 11:49:29,694 - main_osrm - INFO - DEBUG: Final response meal_suggestions: {'breakfast': [PlaceSuggestion(osm_id='4543308324', name='Hotel Sethu', location=LatLng(lat=10.3174443, lng=78.3882797), detour_minutes=15, eta_iso='2025-12-12T08:48:22.782000', tags={'amenity': 'restaurant', 'name': 'Hotel Sethu'}, personalization_score=1.17, match_reasons=[])]}
2025-12-11 11:49:29,694 - main_osrm - INFO - Enhanced trip created successfully. Personalization: True
2025-12-11 11:49:29,695 - main_osrm - INFO - Request: POST /trips/create - Status: 200 - Duration: 20505.73ms
2025-12-11 11:53:05,615 - __main__ - INFO - Starting Routivity Trip Planner Backend MVP (OSRM + Overpass + Firebase)
2025-12-11 11:53:17,472 - __main__ - WARNING - Firebase Admin initialization failed: Your default credentials were not found. To set up Application Default Credentials, see https://cloud.google.com/docs/authentication/external/set-up-adc for more information.. Some features may not work.
2025-12-11 11:53:17,578 - main_osrm - INFO - Starting Routivity Trip Planner Backend MVP (OSRM + Overpass + Firebase)
2025-12-11 11:53:29,746 - main_osrm - WARNING - Firebase Admin initialization failed: Your default credentials were not found. To set up Application Default Credentials, see https://cloud.google.com/docs/authentication/external/set-up-adc for more information.. Some features may not work.
2025-12-11 11:54:29,721 - __main__ - INFO - Starting Routivity Trip Planner Backend MVP (OSRM + Overpass + Firebase)
2025-12-11 11:54:41,981 - __main__ - WARNING - Firebase Admin initialization failed: Your default credentials were not found. To set up Application Default Credentials, see https://cloud.google.com/docs/authentication/external/set-up-adc for more information.. Some features may not work.
2025-12-11 11:54:42,053 - main_osrm - INFO - Starting Routivity Trip Planner Backend MVP (OSRM + Overpass + Firebase)
2025-12-11 11:54:54,158 - main_osrm - WARNING - Firebase Admin initialization failed: Your default credentials were not found. To set up Application Default Credentials, see https://cloud.google.com/docs/authentication/external/set-up-adc for more information.. Some features may not work.
2025-12-11 11:54:55,514 - main_osrm - WARNING - Firebase not initialized, cannot fetch user preferences
2025-12-11 11:54:55,514 - main_osrm - INFO - Request: GET /users/zpwStsb1U3YoGkLKOaYfRcvBiGl1/preferences - Status: 404 - Duration: 0.00ms
2025-12-11 11:55:13,631 - main_osrm - INFO - === ENHANCED create_trip with personalization ===
2025-12-11 11:55:13,631 - main_osrm - INFO - Using explicitly passed personalization preferences: foodPreference='any' budget='moderate' pace='balanced' mood='adventure' companions='solo' activities=[] accessibility='none'
2025-12-11 11:55:13,631 - main_osrm - INFO - Fetching baseline OSRM route...
2025-12-11 11:55:14,564 - httpx - INFO - HTTP Request: GET http://router.project-osrm.org/route/v1/driving/80.2023035,13.0008413;77.833333,9.833333?overview=full&geometries=geojson&steps=true "HTTP/1.1 200 OK"
2025-12-11 11:55:15,942 - main_osrm - INFO - Baseline route: duration=24813s distance=478349.4m
2025-12-11 11:55:15,942 - main_osrm - INFO - Initial trip window: depart=2025-12-12T02:46:22.299000
2025-12-11 11:55:15,942 - main_osrm - INFO - Extracted 62 checkpoints from baseline route
2025-12-11 11:55:15,949 - main_osrm - INFO - Skipping meal 'lunch' - window doesn't intersect trip
2025-12-11 11:55:15,949 - main_osrm - INFO - Skipping meal 'dinner' - window doesn't intersect trip
2025-12-11 11:55:15,949 - main_osrm - INFO - Considering meals: ['breakfast']
2025-12-11 11:55:15,949 - main_osrm - INFO - Processing meal 'breakfast' with personalization
2025-12-11 11:55:15,950 - main_osrm - INFO - Meal 'breakfast' ETA: 2025-12-12T08:04:44.899000 at 10.592152,78.540794
2025-12-11 11:55:15,950 - main_osrm - INFO - Searching Overpass for 'restaurant' around 10.592152,78.540794 (radius=3000m)
2025-12-11 11:55:17,115 - httpx - INFO - HTTP Request: POST https://overpass-api.de/api/interpreter "HTTP/1.1 200 OK"
2025-12-11 11:55:17,119 - main_osrm - INFO - Overpass returned 2 places for breakfast at radius=3000m
2025-12-11 11:55:17,119 - main_osrm - INFO - 2 places after SMART preference filtering for breakfast
2025-12-11 11:55:17,909 - httpx - INFO - HTTP Request: GET http://router.project-osrm.org/table/v1/driving/80.2023035,13.0008413;78.5538009,10.604421;77.833333,9.833333?annotations=duration "HTTP/1.1 200 OK"
2025-12-11 11:55:27,927 - httpx - INFO - HTTP Request: GET http://router.project-osrm.org/table/v1/driving/80.2023035,13.0008413;78.547507,10.6048948;77.833333,9.833333?annotations=duration "HTTP/1.1 200 OK"
2025-12-11 11:55:27,928 - main_osrm - INFO - 2 candidates scored for breakfast
2025-12-11 11:55:27,928 - main_osrm - INFO - Selected: RM restaurant score=1.17 detour=2min
2025-12-11 11:55:27,928 - main_osrm - INFO - Selected: Hot Chicken score=1.17 detour=1min
2025-12-11 11:55:27,928 - main_osrm - INFO - DEBUG: Meal suggestions structure: {'breakfast': [PlaceSuggestion(osm_id='4447848039', name='RM restaurant', location=LatLng(lat=10.604421, lng=78.5538009), detour_minutes=2, eta_iso='2025-12-12T08:06:44.899000', tags={'amenity': 'restaurant', 'name': 'RM restaurant'}, personalization_score=1.17, match_reasons=[]), PlaceSuggestion(osm_id='6126092464', name='Hot Chicken', location=LatLng(lat=10.6048948, lng=78.547507), detour_minutes=1, eta_iso='2025-12-12T08:05:44.899000', tags={'amenity': 'restaurant', 'name': 'Hot Chicken'}, personalization_score=1.17, match_reasons=[])]}
2025-12-11 11:55:27,928 - main_osrm - INFO - DEBUG: breakfast has 2 suggestions
2025-12-11 11:55:27,928 - main_osrm - INFO - DEBUG: Suggestion 1: osm_id='4447848039' name='RM restaurant' location=LatLng(lat=10.604421, lng=78.5538009) detour_minutes=2 eta_iso='2025-12-12T08:06:44.899000' tags={'amenity': 'restaurant', 'name': 'RM restaurant'} personalization_score=1.17 match_reasons=[]
2025-12-11 11:55:27,932 - main_osrm - INFO - DEBUG: Suggestion 2: osm_id='6126092464' name='Hot Chicken' location=LatLng(lat=10.6048948, lng=78.547507) detour_minutes=1 eta_iso='2025-12-12T08:05:44.899000' tags={'amenity': 'restaurant', 'name': 'Hot Chicken'} personalization_score=1.17 match_reasons=[]
2025-12-11 11:55:27,932 - main_osrm - INFO - Searching for tourist spots along the route...
2025-12-11 11:55:27,932 - main_osrm - INFO - Searching for tourist spots along the route...
2025-12-11 11:55:30,216 - httpx - INFO - HTTP Request: POST https://overpass-api.de/api/interpreter "HTTP/1.1 200 OK"
2025-12-11 11:55:32,456 - httpx - INFO - HTTP Request: POST https://overpass-api.de/api/interpreter "HTTP/1.1 200 OK"
2025-12-11 11:55:35,550 - httpx - INFO - HTTP Request: POST https://overpass-api.de/api/interpreter "HTTP/1.1 200 OK"
2025-12-11 11:55:35,562 - main_osrm - INFO - Found 25 potential tourist spots
2025-12-11 11:55:37,904 - httpx - INFO - HTTP Request: GET http://router.project-osrm.org/table/v1/driving/80.2023035,13.0008413;78.0395727,9.9683143;77.833333,9.833333?annotations=duration "HTTP/1.1 200 OK"
2025-12-11 11:55:47,939 - httpx - INFO - HTTP Request: GET http://router.project-osrm.org/table/v1/driving/80.2023035,13.0008413;78.044264,9.9352443;77.833333,9.833333?annotations=duration "HTTP/1.1 200 OK"
2025-12-11 11:55:57,929 - httpx - INFO - HTTP Request: GET http://router.project-osrm.org/table/v1/driving/80.2023035,13.0008413;78.0444744,9.9242181;77.833333,9.833333?annotations=duration "HTTP/1.1 200 OK"
2025-12-11 11:56:08,002 - httpx - INFO - HTTP Request: GET http://router.project-osrm.org/table/v1/driving/80.2023035,13.0008413;78.0475677,9.9226978;77.833333,9.833333?annotations=duration "HTTP/1.1 200 OK"
2025-12-11 11:56:18,037 - httpx - INFO - HTTP Request: GET http://router.project-osrm.org/table/v1/driving/80.2023035,13.0008413;78.0934407,9.9190357;77.833333,9.833333?annotations=duration "HTTP/1.1 200 OK"
2025-12-11 11:56:27,932 - httpx - INFO - HTTP Request: GET http://router.project-osrm.org/table/v1/driving/80.2023035,13.0008413;78.0931302,9.9189578;77.833333,9.833333?annotations=duration "HTTP/1.1 200 OK"
2025-12-11 11:56:37,936 - httpx - INFO - HTTP Request: GET http://router.project-osrm.org/table/v1/driving/80.2023035,13.0008413;78.1386083,9.9298787;77.833333,9.833333?annotations=duration "HTTP/1.1 200 OK"
2025-12-11 11:56:47,931 - httpx - INFO - HTTP Request: GET http://router.project-osrm.org/table/v1/driving/80.2023035,13.0008413;78.1232992,9.9197522;77.833333,9.833333?annotations=duration "HTTP/1.1 200 OK"
2025-12-11 11:56:58,181 - httpx - INFO - HTTP Request: GET http://router.project-osrm.org/table/v1/driving/80.2023035,13.0008413;78.1232384,9.9202673;77.833333,9.833333?annotations=duration "HTTP/1.1 200 OK"
2025-12-11 11:57:08,117 - httpx - INFO - HTTP Request: GET http://router.project-osrm.org/table/v1/driving/80.2023035,13.0008413;78.138719,9.9303356;77.833333,9.833333?annotations=duration "HTTP/1.1 200 OK"
2025-12-11 11:57:08,124 - main_osrm - INFO - Final Selection: 10 tourist spots (from 25 raw)
2025-12-11 11:57:08,124 - main_osrm - INFO - DEBUG: Final response meal_suggestions: {'breakfast': [PlaceSuggestion(osm_id='4447848039', name='RM restaurant', location=LatLng(lat=10.604421, lng=78.5538009), detour_minutes=2, eta_iso='2025-12-12T08:06:44.899000', tags={'amenity': 'restaurant', 'name': 'RM restaurant'}, personalization_score=1.17, match_reasons=[]), PlaceSuggestion(osm_id='6126092464', name='Hot Chicken', location=LatLng(lat=10.6048948, lng=78.547507), detour_minutes=1, eta_iso='2025-12-12T08:05:44.899000', tags={'amenity': 'restaurant', 'name': 'Hot Chicken'}, personalization_score=1.17, match_reasons=[])]}
2025-12-11 11:57:08,124 - main_osrm - INFO - Enhanced trip created successfully. Personalization: True
2025-12-11 11:57:08,139 - main_osrm - INFO - Request: POST /trips/create - Status: 200 - Duration: 114508.01ms
2025-12-11 12:07:26,931 - main_osrm - INFO - === ENHANCED create_trip with personalization ===
2025-12-11 12:07:26,931 - main_osrm - INFO - Using explicitly passed personalization preferences: foodPreference='any' budget='moderate' pace='balanced' mood='adventure' companions='solo' activities=[] accessibility='none'
2025-12-11 12:07:26,931 - main_osrm - INFO - Fetching baseline OSRM route...
2025-12-11 12:07:28,141 - httpx - INFO - HTTP Request: GET http://router.project-osrm.org/route/v1/driving/80.2023035,13.0008413;77.833333,9.833333?overview=full&geometries=geojson&steps=true "HTTP/1.1 200 OK"
2025-12-11 12:07:31,456 - main_osrm - INFO - Baseline route: duration=24813s distance=478349.4m
2025-12-11 12:07:31,456 - main_osrm - INFO - Initial trip window: depart=2025-12-12T02:46:22.299000
2025-12-11 12:07:31,456 - main_osrm - INFO - Extracted 62 checkpoints from baseline route
2025-12-11 12:07:31,456 - main_osrm - INFO - Skipping meal 'lunch' - window doesn't intersect trip
2025-12-11 12:07:31,461 - main_osrm - INFO - Skipping meal 'dinner' - window doesn't intersect trip
2025-12-11 12:07:31,461 - main_osrm - INFO - Considering meals: ['breakfast']
2025-12-11 12:07:31,461 - main_osrm - INFO - Processing meal 'breakfast' with personalization
2025-12-11 12:07:31,461 - main_osrm - INFO - Meal 'breakfast' ETA: 2025-12-12T08:04:44.899000 at 10.592152,78.540794
2025-12-11 12:07:31,461 - main_osrm - INFO - Searching Overpass for 'restaurant' around 10.592152,78.540794 (radius=3000m)
2025-12-11 12:07:33,877 - httpx - INFO - HTTP Request: POST https://overpass-api.de/api/interpreter "HTTP/1.1 200 OK"
2025-12-11 12:07:33,879 - main_osrm - INFO - Overpass returned 2 places for breakfast at radius=3000m
2025-12-11 12:07:33,879 - main_osrm - INFO - 2 places after SMART preference filtering for breakfast
2025-12-11 12:07:34,699 - httpx - INFO - HTTP Request: GET http://router.project-osrm.org/table/v1/driving/80.2023035,13.0008413;78.5538009,10.604421;77.833333,9.833333?annotations=duration "HTTP/1.1 200 OK"
2025-12-11 12:07:44,834 - httpx - INFO - HTTP Request: GET http://router.project-osrm.org/table/v1/driving/80.2023035,13.0008413;78.547507,10.6048948;77.833333,9.833333?annotations=duration "HTTP/1.1 200 OK"
2025-12-11 12:07:44,835 - main_osrm - INFO - 2 candidates scored for breakfast
2025-12-11 12:07:44,839 - main_osrm - INFO - Selected: RM restaurant score=1.17 detour=2min
2025-12-11 12:07:44,839 - main_osrm - INFO - Selected: Hot Chicken score=1.17 detour=1min
2025-12-11 12:07:44,839 - main_osrm - INFO - DEBUG: Meal suggestions structure: {'breakfast': [PlaceSuggestion(osm_id='4447848039', name='RM restaurant', location=LatLng(lat=10.604421, lng=78.5538009), detour_minutes=2, eta_iso='2025-12-12T08:06:44.899000', tags={'amenity': 'restaurant', 'name': 'RM restaurant'}, personalization_score=1.17, match_reasons=[]), PlaceSuggestion(osm_id='6126092464', name='Hot Chicken', location=LatLng(lat=10.6048948, lng=78.547507), detour_minutes=1, eta_iso='2025-12-12T08:05:44.899000', tags={'amenity': 'restaurant', 'name': 'Hot Chicken'}, personalization_score=1.17, match_reasons=[])]}
2025-12-11 12:07:44,841 - main_osrm - INFO - DEBUG: breakfast has 2 suggestions
2025-12-11 12:07:44,841 - main_osrm - INFO - DEBUG: Suggestion 1: osm_id='4447848039' name='RM restaurant' location=LatLng(lat=10.604421, lng=78.5538009) detour_minutes=2 eta_iso='2025-12-12T08:06:44.899000' tags={'amenity': 'restaurant', 'name': 'RM restaurant'} personalization_score=1.17 match_reasons=[]
2025-12-11 12:07:44,843 - main_osrm - INFO - DEBUG: Suggestion 2: osm_id='6126092464' name='Hot Chicken' location=LatLng(lat=10.6048948, lng=78.547507) detour_minutes=1 eta_iso='2025-12-12T08:05:44.899000' tags={'amenity': 'restaurant', 'name': 'Hot Chicken'} personalization_score=1.17 match_reasons=[]
2025-12-11 12:07:44,843 - main_osrm - INFO - Searching for tourist spots along the route...
2025-12-11 12:07:44,843 - main_osrm - INFO - Searching for tourist spots along the route...
2025-12-11 12:07:47,186 - httpx - INFO - HTTP Request: POST https://overpass-api.de/api/interpreter "HTTP/1.1 200 OK"
2025-12-11 12:07:51,383 - httpx - INFO - HTTP Request: POST https://overpass-api.de/api/interpreter "HTTP/1.1 200 OK"
2025-12-11 12:07:54,183 - httpx - INFO - HTTP Request: POST https://overpass-api.de/api/interpreter "HTTP/1.1 200 OK"
2025-12-11 12:07:54,183 - main_osrm - INFO - Found 25 potential tourist spots
2025-12-11 12:07:55,071 - httpx - INFO - HTTP Request: GET http://router.project-osrm.org/table/v1/driving/80.2023035,13.0008413;78.0395727,9.9683143;77.833333,9.833333?annotations=duration "HTTP/1.1 200 OK"
2025-12-11 12:08:05,724 - httpx - INFO - HTTP Request: GET http://router.project-osrm.org/table/v1/driving/80.2023035,13.0008413;78.044264,9.9352443;77.833333,9.833333?annotations=duration "HTTP/1.1 200 OK"
2025-12-11 12:08:15,143 - httpx - INFO - HTTP Request: GET http://router.project-osrm.org/table/v1/driving/80.2023035,13.0008413;78.0444744,9.9242181;77.833333,9.833333?annotations=duration "HTTP/1.1 200 OK"
2025-12-11 12:08:25,079 - httpx - INFO - HTTP Request: GET http://router.project-osrm.org/table/v1/driving/80.2023035,13.0008413;78.0475677,9.9226978;77.833333,9.833333?annotations=duration "HTTP/1.1 200 OK"
2025-12-11 12:08:35,100 - httpx - INFO - HTTP Request: GET http://router.project-osrm.org/table/v1/driving/80.2023035,13.0008413;78.0934407,9.9190357;77.833333,9.833333?annotations=duration "HTTP/1.1 200 OK"
2025-12-11 12:08:45,442 - httpx - INFO - HTTP Request: GET http://router.project-osrm.org/table/v1/driving/80.2023035,13.0008413;78.0931302,9.9189578;77.833333,9.833333?annotations=duration "HTTP/1.1 200 OK"
2025-12-11 12:08:46,520 - httpx - INFO - HTTP Request: GET http://router.project-osrm.org/table/v1/driving/80.2023035,13.0008413;78.1386083,9.9298787;77.833333,9.833333?annotations=duration "HTTP/1.1 200 OK"
2025-12-11 12:08:55,115 - httpx - INFO - HTTP Request: GET http://router.project-osrm.org/table/v1/driving/80.2023035,13.0008413;78.1232992,9.9197522;77.833333,9.833333?annotations=duration "HTTP/1.1 200 OK"
2025-12-11 12:09:05,195 - httpx - INFO - HTTP Request: GET http://router.project-osrm.org/table/v1/driving/80.2023035,13.0008413;78.1232384,9.9202673;77.833333,9.833333?annotations=duration "HTTP/1.1 200 OK"
2025-12-11 12:13:59,213 - main_osrm - WARNING - compute_detour_osrm failed: 
2025-12-11 12:13:59,381 - main_osrm - INFO - Final Selection: 9 tourist spots (from 25 raw)
2025-12-11 12:13:59,722 - main_osrm - INFO - DEBUG: Final response meal_suggestions: {'breakfast': [PlaceSuggestion(osm_id='4447848039', name='RM restaurant', location=LatLng(lat=10.604421, lng=78.5538009), detour_minutes=2, eta_iso='2025-12-12T08:06:44.899000', tags={'amenity': 'restaurant', 'name': 'RM restaurant'}, personalization_score=1.17, match_reasons=[]), PlaceSuggestion(osm_id='6126092464', name='Hot Chicken', location=LatLng(lat=10.6048948, lng=78.547507), detour_minutes=1, eta_iso='2025-12-12T08:05:44.899000', tags={'amenity': 'restaurant', 'name': 'Hot Chicken'}, personalization_score=1.17, match_reasons=[])]}
2025-12-11 12:13:59,722 - main_osrm - INFO - Enhanced trip created successfully. Personalization: True
2025-12-11 12:13:59,727 - main_osrm - INFO - Request: POST /trips/create - Status: 200 - Duration: 392798.21ms
2025-12-11 12:13:59,731 - main_osrm - INFO - === ENHANCED create_trip with personalization ===
2025-12-11 12:13:59,731 - main_osrm - INFO - Using explicitly passed personalization preferences: foodPreference='any' budget='moderate' pace='balanced' mood='adventure' companions='solo' activities=[] accessibility='none'
2025-12-11 12:13:59,733 - main_osrm - INFO - Fetching baseline OSRM route...
2025-12-11 12:14:02,848 - httpx - INFO - HTTP Request: GET http://router.project-osrm.org/route/v1/driving/80.2023035,13.0008413;77.833333,9.833333?overview=full&geometries=geojson&steps=true "HTTP/1.1 200 OK"
2025-12-11 12:14:03,828 - main_osrm - INFO - Baseline route: duration=24813s distance=478349.4m
2025-12-11 12:14:03,828 - main_osrm - INFO - Initial trip window: depart=2025-12-12T02:46:22.299000
2025-12-11 12:14:03,830 - main_osrm - INFO - Extracted 62 checkpoints from baseline route
2025-12-11 12:14:03,830 - main_osrm - INFO - Skipping meal 'lunch' - window doesn't intersect trip
2025-12-11 12:14:03,830 - main_osrm - INFO - Skipping meal 'dinner' - window doesn't intersect trip
2025-12-11 12:14:03,830 - main_osrm - INFO - Considering meals: ['breakfast']
2025-12-11 12:14:03,830 - main_osrm - INFO - Processing meal 'breakfast' with personalization
2025-12-11 12:14:03,832 - main_osrm - INFO - Meal 'breakfast' ETA: 2025-12-12T08:04:44.899000 at 10.592152,78.540794
2025-12-11 12:14:03,832 - main_osrm - INFO - Searching Overpass for 'restaurant' around 10.592152,78.540794 (radius=3000m)
2025-12-11 12:14:06,014 - httpx - INFO - HTTP Request: POST https://overpass-api.de/api/interpreter "HTTP/1.1 200 OK"
2025-12-11 12:14:06,015 - main_osrm - INFO - Overpass returned 2 places for breakfast at radius=3000m
2025-12-11 12:14:06,015 - main_osrm - INFO - 2 places after SMART preference filtering for breakfast
2025-12-11 12:14:07,285 - httpx - INFO - HTTP Request: GET http://router.project-osrm.org/table/v1/driving/80.2023035,13.0008413;78.5538009,10.604421;77.833333,9.833333?annotations=duration "HTTP/1.1 200 OK"
2025-12-11 12:14:17,451 - httpx - INFO - HTTP Request: GET http://router.project-osrm.org/table/v1/driving/80.2023035,13.0008413;78.547507,10.6048948;77.833333,9.833333?annotations=duration "HTTP/1.1 200 OK"
2025-12-11 12:14:17,451 - main_osrm - INFO - 2 candidates scored for breakfast
2025-12-11 12:14:17,451 - main_osrm - INFO - Selected: RM restaurant score=1.17 detour=2min
2025-12-11 12:14:17,451 - main_osrm - INFO - Selected: Hot Chicken score=1.17 detour=1min
2025-12-11 12:14:17,451 - main_osrm - INFO - DEBUG: Meal suggestions structure: {'breakfast': [PlaceSuggestion(osm_id='4447848039', name='RM restaurant', location=LatLng(lat=10.604421, lng=78.5538009), detour_minutes=2, eta_iso='2025-12-12T08:06:44.899000', tags={'amenity': 'restaurant', 'name': 'RM restaurant'}, personalization_score=1.17, match_reasons=[]), PlaceSuggestion(osm_id='6126092464', name='Hot Chicken', location=LatLng(lat=10.6048948, lng=78.547507), detour_minutes=1, eta_iso='2025-12-12T08:05:44.899000', tags={'amenity': 'restaurant', 'name': 'Hot Chicken'}, personalization_score=1.17, match_reasons=[])]}
2025-12-11 12:14:17,463 - main_osrm - INFO - DEBUG: breakfast has 2 suggestions
2025-12-11 12:14:17,464 - main_osrm - INFO - DEBUG: Suggestion 1: osm_id='4447848039' name='RM restaurant' location=LatLng(lat=10.604421, lng=78.5538009) detour_minutes=2 eta_iso='2025-12-12T08:06:44.899000' tags={'amenity': 'restaurant', 'name': 'RM restaurant'} personalization_score=1.17 match_reasons=[]
2025-12-11 12:14:17,466 - main_osrm - INFO - DEBUG: Suggestion 2: osm_id='6126092464' name='Hot Chicken' location=LatLng(lat=10.6048948, lng=78.547507) detour_minutes=1 eta_iso='2025-12-12T08:05:44.899000' tags={'amenity': 'restaurant', 'name': 'Hot Chicken'} personalization_score=1.17 match_reasons=[]
2025-12-11 12:14:17,467 - main_osrm - INFO - Searching for tourist spots along the route...
2025-12-11 12:14:17,469 - main_osrm - INFO - Searching for tourist spots along the route...
2025-12-11 12:14:20,239 - httpx - INFO - HTTP Request: POST https://overpass-api.de/api/interpreter "HTTP/1.1 200 OK"
2025-12-11 12:14:28,600 - httpx - INFO - HTTP Request: POST https://overpass-api.de/api/interpreter "HTTP/1.1 200 OK"
2025-12-11 12:14:31,282 - httpx - INFO - HTTP Request: POST https://overpass-api.de/api/interpreter "HTTP/1.1 200 OK"
2025-12-11 12:14:31,282 - main_osrm - INFO - Found 25 potential tourist spots
2025-12-11 12:14:32,131 - httpx - INFO - HTTP Request: GET http://router.project-osrm.org/table/v1/driving/80.2023035,13.0008413;78.0395727,9.9683143;77.833333,9.833333?annotations=duration "HTTP/1.1 200 OK"
2025-12-11 12:14:33,056 - httpx - INFO - HTTP Request: GET http://router.project-osrm.org/table/v1/driving/80.2023035,13.0008413;78.044264,9.9352443;77.833333,9.833333?annotations=duration "HTTP/1.1 200 OK"
2025-12-11 12:14:42,212 - httpx - INFO - HTTP Request: GET http://router.project-osrm.org/table/v1/driving/80.2023035,13.0008413;78.0444744,9.9242181;77.833333,9.833333?annotations=duration "HTTP/1.1 200 OK"
2025-12-11 12:14:52,248 - httpx - INFO - HTTP Request: GET http://router.project-osrm.org/table/v1/driving/80.2023035,13.0008413;78.0475677,9.9226978;77.833333,9.833333?annotations=duration "HTTP/1.1 200 OK"
2025-12-11 12:15:02,286 - httpx - INFO - HTTP Request: GET http://router.project-osrm.org/table/v1/driving/80.2023035,13.0008413;78.0934407,9.9190357;77.833333,9.833333?annotations=duration "HTTP/1.1 200 OK"
2025-12-11 12:15:12,307 - httpx - INFO - HTTP Request: GET http://router.project-osrm.org/table/v1/driving/80.2023035,13.0008413;78.0931302,9.9189578;77.833333,9.833333?annotations=duration "HTTP/1.1 200 OK"
2025-12-11 12:15:22,148 - httpx - INFO - HTTP Request: GET http://router.project-osrm.org/table/v1/driving/80.2023035,13.0008413;78.1386083,9.9298787;77.833333,9.833333?annotations=duration "HTTP/1.1 200 OK"
2025-12-11 12:15:32,154 - httpx - INFO - HTTP Request: GET http://router.project-osrm.org/table/v1/driving/80.2023035,13.0008413;78.1232992,9.9197522;77.833333,9.833333?annotations=duration "HTTP/1.1 200 OK"
2025-12-11 12:15:33,159 - httpx - INFO - HTTP Request: GET http://router.project-osrm.org/table/v1/driving/80.2023035,13.0008413;78.1232384,9.9202673;77.833333,9.833333?annotations=duration "HTTP/1.1 200 OK"
2025-12-11 12:15:42,320 - httpx - INFO - HTTP Request: GET http://router.project-osrm.org/table/v1/driving/80.2023035,13.0008413;78.138719,9.9303356;77.833333,9.833333?annotations=duration "HTTP/1.1 200 OK"
2025-12-11 12:15:42,325 - main_osrm - INFO - Final Selection: 10 tourist spots (from 25 raw)
2025-12-11 12:15:42,326 - main_osrm - INFO - DEBUG: Final response meal_suggestions: {'breakfast': [PlaceSuggestion(osm_id='4447848039', name='RM restaurant', location=LatLng(lat=10.604421, lng=78.5538009), detour_minutes=2, eta_iso='2025-12-12T08:06:44.899000', tags={'amenity': 'restaurant', 'name': 'RM restaurant'}, personalization_score=1.17, match_reasons=[]), PlaceSuggestion(osm_id='6126092464', name='Hot Chicken', location=LatLng(lat=10.6048948, lng=78.547507), detour_minutes=1, eta_iso='2025-12-12T08:05:44.899000', tags={'amenity': 'restaurant', 'name': 'Hot Chicken'}, personalization_score=1.17, match_reasons=[])]}
2025-12-11 12:15:42,326 - main_osrm - INFO - Enhanced trip created successfully. Personalization: True
2025-12-11 12:15:42,328 - main_osrm - INFO - Request: POST /trips/create - Status: 200 - Duration: 102602.13ms
2025-12-16 15:12:13,002 - __main__ - INFO - Starting Routivity Trip Planner Backend MVP (OSRM + Overpass + Firebase)
2025-12-16 15:12:24,950 - __main__ - WARNING - Firebase Admin initialization failed: Your default credentials were not found. To set up Application Default Credentials, see https://cloud.google.com/docs/authentication/external/set-up-adc for more information.. Some features may not work.
2025-12-16 15:12:25,447 - main_osrm - INFO - Starting Routivity Trip Planner Backend MVP (OSRM + Overpass + Firebase)
2025-12-16 15:12:37,437 - main_osrm - WARNING - Firebase Admin initialization failed: Your default credentials were not found. To set up Application Default Credentials, see https://cloud.google.com/docs/authentication/external/set-up-adc for more information.. Some features may not work.
2025-12-16 15:14:31,173 - main_osrm - WARNING - Firebase not initialized, cannot fetch user preferences
2025-12-16 15:14:31,173 - main_osrm - INFO - Request: GET /users/zpwStsb1U3YoGkLKOaYfRcvBiGl1/preferences - Status: 404 - Duration: 0.00ms
2025-12-16 15:15:37,992 - main_osrm - INFO - === ENHANCED create_trip with personalization ===
2025-12-16 15:15:37,992 - main_osrm - INFO - Using explicitly passed personalization preferences: foodPreference='any' budget='moderate' pace='balanced' mood='adventure' companions='solo' activities=[] accessibility='none'
2025-12-16 15:15:38,005 - main_osrm - INFO - Fetching baseline OSRM route...
2025-12-16 15:15:40,102 - main_osrm - INFO - Baseline route: duration=24813s distance=478349.5m
2025-12-16 15:15:40,103 - main_osrm - INFO - Initial trip window: depart=2025-12-17T06:05:57.559000
2025-12-16 15:15:40,103 - main_osrm - INFO - Extracted 62 checkpoints from baseline route
2025-12-16 15:15:40,104 - main_osrm - INFO - Skipping meal 'dinner' - window doesn't intersect trip
2025-12-16 15:15:40,104 - main_osrm - INFO - Considering meals: ['breakfast', 'lunch']
2025-12-16 15:15:40,104 - main_osrm - INFO - Processing meal 'breakfast' with personalization
2025-12-16 15:15:40,104 - main_osrm - INFO - Meal 'breakfast' ETA: 2025-12-17T08:13:39.259000 at 12.214233,79.641527
2025-12-16 15:15:40,104 - main_osrm - INFO - Searching Overpass for 'restaurant' around 12.214233,79.641527 (radius=3000m)
2025-12-16 15:15:41,562 - main_osrm - INFO - Overpass returned 0 places for breakfast at radius=3000m
2025-12-16 15:15:41,562 - main_osrm - INFO - Searching Overpass for 'restaurant' around 12.214233,79.641527 (radius=7000m)
2025-12-16 15:15:43,343 - main_osrm - INFO - Overpass returned 8 places for breakfast at radius=7000m
2025-12-16 15:15:43,343 - main_osrm - INFO - 8 places after SMART preference filtering for breakfast
2025-12-16 15:16:54,242 - main_osrm - INFO - 8 candidates scored for breakfast
2025-12-16 15:16:54,242 - main_osrm - INFO - Selected: Aishwarya Bhavan - Veg score=1.47 detour=2min
2025-12-16 15:16:54,243 - main_osrm - INFO - Selected: Café Udupi Ruchi score=1.47 detour=1min
2025-12-16 15:16:54,244 - main_osrm - INFO - Selected: Amma Bhavan score=1.47 detour=1min
2025-12-16 15:16:54,244 - main_osrm - INFO - Selected: Krishna Restaurant score=1.27 detour=2min
2025-12-16 15:16:54,244 - main_osrm - INFO - Selected: Hotel Aaryas score=1.27 detour=1min
2025-12-16 15:16:54,245 - main_osrm - INFO - Processing meal 'lunch' with personalization
2025-12-16 15:16:54,246 - main_osrm - INFO - Meal 'lunch' ETA: 2025-12-17T12:04:41.059000 at 10.370502,78.382227
2025-12-16 15:16:54,246 - main_osrm - INFO - Searching Overpass for 'restaurant' around 10.370502,78.382227 (radius=3000m)
2025-12-16 15:16:55,591 - main_osrm - INFO - Overpass returned 0 places for lunch at radius=3000m
2025-12-16 15:16:55,592 - main_osrm - INFO - Searching Overpass for 'restaurant' around 10.370502,78.382227 (radius=7000m)
2025-12-16 15:16:57,149 - main_osrm - INFO - Overpass returned 1 places for lunch at radius=7000m
2025-12-16 15:16:57,149 - main_osrm - INFO - 1 places after SMART preference filtering for lunch
2025-12-16 15:17:04,249 - main_osrm - INFO - 1 candidates scored for lunch
2025-12-16 15:17:04,249 - main_osrm - INFO - Selected: Hotel Sethu score=1.17 detour=15min
2025-12-16 15:17:04,390 - main_osrm - INFO - DEBUG: breakfast has 5 suggestions
2025-12-16 15:17:04,401 - main_osrm - INFO - DEBUG: Suggestion 3: osm_id='13368899081' name='Amma Bhavan' location=LatLng(lat=12.2553222, lng=79.6743415) detour_minutes=1 eta_iso='2025-12-17T08:14:39.259000' tags={'addr:district': 'Tindivanam', 'addr:street': 'Grand Southern Trunk Road', 'amenity': 'restaurant', 'diet:vegetarian': 'yes', 'name': 'Amma Bhavan'} personalization_score=1.4699999999999998 match_reasons=[]
2025-12-16 15:17:04,401 - main_osrm - INFO - DEBUG: Suggestion 4: osm_id='2236773759' name='Krishna Restaurant' location=LatLng(lat=12.2537288, lng=79.6735672) detour_minutes=2 eta_iso='2025-12-17T08:15:39.259000' tags={'amenity': 'restaurant', 'cuisine': 'indian', 'name': 'Krishna Restaurant'} personalization_score=1.27 match_reasons=[]
2025-12-16 15:17:04,401 - main_osrm - INFO - DEBUG: Suggestion 5: osm_id='4670775689' name='Hotel Aaryas' location=LatLng(lat=12.2405556, lng=79.6632394) detour_minutes=1 eta_iso='2025-12-17T08:14:39.259000' tags={'amenity': 'restaurant', 'name': 'Hotel Aaryas', 'name:en': 'Aaryas hotel'} personalization_score=1.27 match_reasons=[]
2025-12-16 15:17:04,402 - main_osrm - INFO - DEBUG: lunch has 1 suggestions
2025-12-16 15:17:04,402 - main_osrm - INFO - DEBUG: Suggestion 1: osm_id='4543308324' name='Hotel Sethu' location=LatLng(lat=10.3174443, lng=78.3882797) detour_minutes=15 eta_iso='2025-12-17T12:19:41.059000' tags={'amenity': 'restaurant', 'name': 'Hotel Sethu'} personalization_score=1.17 match_reasons=[]
2025-12-16 15:17:04,402 - main_osrm - INFO - Searching for tourist spots along the route...
2025-12-16 15:17:04,402 - main_osrm - INFO - Searching for tourist spots along the route...
2025-12-16 15:17:17,997 - main_osrm - INFO - Found 25 potential tourist spots
2025-12-16 15:18:48,856 - main_osrm - INFO - Final Selection: 10 tourist spots (from 25 raw)
2025-12-16 15:18:48,878 - main_osrm - INFO - Enhanced trip created successfully. Personalization: True
2025-12-16 15:18:48,893 - main_osrm - INFO - Request: POST /trips/create - Status: 200 - Duration: 190908.33ms
2025-12-16 18:36:20,394 - __main__ - INFO - Starting Routivity Trip Planner Backend MVP (OSRM + Overpass + Firebase)
2025-12-16 18:36:32,265 - __main__ - WARNING - Firebase Admin initialization failed: Your default credentials were not found. To set up Application Default Credentials, see https://cloud.google.com/docs/authentication/external/set-up-adc for more information.. Some features may not work.
2025-12-16 18:36:33,040 - main_osrm - INFO - Starting Routivity Trip Planner Backend MVP (OSRM + Overpass + Firebase)
2025-12-16 18:36:44,909 - main_osrm - WARNING - Firebase Admin initialization failed: Your default credentials were not found. To set up Application Default Credentials, see https://cloud.google.com/docs/authentication/external/set-up-adc for more information.. Some features may not work.
2025-12-16 18:41:40,161 - main_osrm - WARNING - Firebase not initialized, cannot fetch user preferences
2025-12-16 18:41:40,163 - main_osrm - INFO - Request: GET /users/zpwStsb1U3YoGkLKOaYfRcvBiGl1/preferences - Status: 404 - Duration: 2.00ms
2025-12-16 18:42:07,513 - main_osrm - INFO - === ENHANCED create_trip with personalization ===
2025-12-16 18:42:07,513 - main_osrm - INFO - Using explicitly passed personalization preferences: foodPreference='any' budget='moderate' pace='balanced' mood='adventure' companions='solo' activities=[] accessibility='none'
2025-12-16 18:42:07,516 - main_osrm - INFO - Fetching baseline OSRM route...
2025-12-16 18:42:08,856 - main_osrm - INFO - Baseline route: duration=15506s distance=310448.7m
2025-12-16 18:42:08,856 - main_osrm - INFO - Initial trip window: depart=2025-12-17T12:08:14.241000
2025-12-16 18:42:08,856 - main_osrm - INFO - Extracted 39 checkpoints from baseline route
2025-12-16 18:42:08,856 - main_osrm - INFO - Skipping meal 'breakfast' - window doesn't intersect trip
2025-12-16 18:42:08,856 - main_osrm - INFO - Skipping meal 'dinner' - window doesn't intersect trip
2025-12-16 18:42:08,860 - main_osrm - INFO - Considering meals: ['lunch']
2025-12-16 18:42:08,860 - main_osrm - INFO - Processing meal 'lunch' with personalization
2025-12-16 18:42:08,860 - main_osrm - INFO - Meal 'lunch' ETA: 2025-12-17T12:08:26.241000 at 13.000841,80.202301
2025-12-16 18:42:08,861 - main_osrm - INFO - Searching Overpass for 'restaurant' around 13.000841,80.202301 (radius=3000m)
2025-12-16 18:42:10,791 - main_osrm - INFO - Overpass returned 56 places for lunch at radius=3000m
2025-12-16 18:42:10,791 - main_osrm - INFO - 56 places after SMART preference filtering for lunch
2025-12-16 18:44:01,783 - main_osrm - INFO - 12 candidates scored for lunch
2025-12-16 18:44:01,785 - main_osrm - INFO - Selected: Ponnusamy Hotel score=1.47 detour=9min
2025-12-16 18:44:01,785 - main_osrm - INFO - Selected: Madras Cafe score=1.27 detour=2min
2025-12-16 18:44:01,785 - main_osrm - INFO - Selected: Navratna score=1.27 detour=3min
2025-12-16 18:44:01,785 - main_osrm - INFO - Selected: Kayal score=1.27 detour=3min
2025-12-16 18:44:01,785 - main_osrm - INFO - Selected: Ratna Cafe score=1.27 detour=10min
2025-12-16 18:44:01,785 - main_osrm - INFO - DEBUG: Meal suggestions structure: {'lunch': [PlaceSuggestion(osm_id='1563555334', name='Ponnusamy Hotel', location=LatLng(lat=13.0131553, lng=80.2227101), detour_minutes=9, eta_iso='2025-12-17T12:17:26.241000', tags={'addr:postcode': '600015', 'addr:street': 'Anna Salai, Saidapet', 'amenity': 'restaurant', 'cuisine': 'regional', 'name': 'Ponnusamy Hotel', 'website': 'https://www.ponnusamyhotels.com/'}, personalization_score=1.4699999999999998, match_reasons=[]), PlaceSuggestion(osm_id='339280986', name='Madras Cafe', location=LatLng(lat=13.0008164, lng=80.2043612), detour_minutes=2, eta_iso='2025-12-17T12:10:26.241000', tags={'amenity': 'restaurant', 'created_by': 'Potlatch 0.10f', 'name': 'Madras Cafe'}, personalization_score=1.27, match_reasons=[]), PlaceSuggestion(osm_id='391835432', name='Navratna', location=LatLng(lat=13.0062581, lng=80.2057624), detour_minutes=3, eta_iso='2025-12-17T12:11:26.241000', tags={'amenity': 'restaurant', 'cuisine': 'north_indian', 'name': 'Navratna'}, personalization_score=1.27, match_reasons=[]), PlaceSuggestion(osm_id='391835434', name='Kayal', location=LatLng(lat=13.0061052, lng=80.2057662), detour_minutes=3, eta_iso='2025-12-17T12:11:26.241000', tags={'amenity': 'restaurant', 'cuisine': 'mediterranean', 'name': 'Kayal'}, personalization_score=1.27, match_reasons=[]), PlaceSuggestion(osm_id='1751208045', name='Ratna Cafe', location=LatLng(lat=12.9805893, lng=80.2179786), detour_minutes=10, eta_iso='2025-12-17T12:18:26.241000', tags={'amenity': 'restaurant', 'diet:vegetarian': 'only', 'name': 'Ratna Cafe'}, personalization_score=1.27, match_reasons=[])]}
2025-12-16 18:44:01,788 - main_osrm - INFO - DEBUG: lunch has 5 suggestions
2025-12-16 18:44:01,789 - main_osrm - INFO - DEBUG: Suggestion 1: osm_id='1563555334' name='Ponnusamy Hotel' location=LatLng(lat=13.0131553, lng=80.2227101) detour_minutes=9 eta_iso='2025-12-17T12:17:26.241000' tags={'addr:postcode': '600015', 'addr:street': 'Anna Salai, Saidapet', 'amenity': 'restaurant', 'cuisine': 'regional', 'name': 'Ponnusamy Hotel', 'website': 'https://www.ponnusamyhotels.com/'} personalization_score=1.4699999999999998 match_reasons=[]
2025-12-16 18:44:01,789 - main_osrm - INFO - DEBUG: Suggestion 2: osm_id='339280986' name='Madras Cafe' location=LatLng(lat=13.0008164, lng=80.2043612) detour_minutes=2 eta_iso='2025-12-17T12:10:26.241000' tags={'amenity': 'restaurant', 'created_by': 'Potlatch 0.10f', 'name': 'Madras Cafe'} personalization_score=1.27 match_reasons=[]
2025-12-16 18:44:01,789 - main_osrm - INFO - DEBUG: Suggestion 3: osm_id='391835432' name='Navratna' location=LatLng(lat=13.0062581, lng=80.2057624) detour_minutes=3 eta_iso='2025-12-17T12:11:26.241000' tags={'amenity': 'restaurant', 'cuisine': 'north_indian', 'name': 'Navratna'} personalization_score=1.27 match_reasons=[]
2025-12-16 18:44:01,789 - main_osrm - INFO - DEBUG: Suggestion 4: osm_id='391835434' name='Kayal' location=LatLng(lat=13.0061052, lng=80.2057662) detour_minutes=3 eta_iso='2025-12-17T12:11:26.241000' tags={'amenity': 'restaurant', 'cuisine': 'mediterranean', 'name': 'Kayal'} personalization_score=1.27 match_reasons=[]
2025-12-16 18:44:01,789 - main_osrm - INFO - DEBUG: Suggestion 5: osm_id='1751208045' name='Ratna Cafe' location=LatLng(lat=12.9805893, lng=80.2179786) detour_minutes=10 eta_iso='2025-12-17T12:18:26.241000' tags={'amenity': 'restaurant', 'diet:vegetarian': 'only', 'name': 'Ratna Cafe'} personalization_score=1.27 match_reasons=[]
2025-12-16 18:44:01,792 - main_osrm - INFO - Searching for tourist spots along the route...
2025-12-16 18:44:01,792 - main_osrm - INFO - Searching for tourist spots along the route...
2025-12-16 18:44:10,078 - main_osrm - INFO - Found 39 potential tourist spots
2025-12-16 18:45:41,734 - main_osrm - INFO - Final Selection: 10 tourist spots (from 39 raw)
2025-12-16 18:45:41,741 - main_osrm - INFO - DEBUG: Final response meal_suggestions: {'lunch': [PlaceSuggestion(osm_id='1563555334', name='Ponnusamy Hotel', location=LatLng(lat=13.0131553, lng=80.2227101), detour_minutes=9, eta_iso='2025-12-17T12:17:26.241000', tags={'addr:postcode': '600015', 'addr:street': 'Anna Salai, Saidapet', 'amenity': 'restaurant', 'cuisine': 'regional', 'name': 'Ponnusamy Hotel', 'website': 'https://www.ponnusamyhotels.com/'}, personalization_score=1.4699999999999998, match_reasons=[]), PlaceSuggestion(osm_id='339280986', name='Madras Cafe', location=LatLng(lat=13.0008164, lng=80.2043612), detour_minutes=2, eta_iso='2025-12-17T12:10:26.241000', tags={'amenity': 'restaurant', 'created_by': 'Potlatch 0.10f', 'name': 'Madras Cafe'}, personalization_score=1.27, match_reasons=[]), PlaceSuggestion(osm_id='391835432', name='Navratna', location=LatLng(lat=13.0062581, lng=80.2057624), detour_minutes=3, eta_iso='2025-12-17T12:11:26.241000', tags={'amenity': 'restaurant', 'cuisine': 'north_indian', 'name': 'Navratna'}, personalization_score=1.27, match_reasons=[]), PlaceSuggestion(osm_id='391835434', name='Kayal', location=LatLng(lat=13.0061052, lng=80.2057662), detour_minutes=3, eta_iso='2025-12-17T12:11:26.241000', tags={'amenity': 'restaurant', 'cuisine': 'mediterranean', 'name': 'Kayal'}, personalization_score=1.27, match_reasons=[]), PlaceSuggestion(osm_id='1751208045', name='Ratna Cafe', location=LatLng(lat=12.9805893, lng=80.2179786), detour_minutes=10, eta_iso='2025-12-17T12:18:26.241000', tags={'amenity': 'restaurant', 'diet:vegetarian': 'only', 'name': 'Ratna Cafe'}, personalization_score=1.27, match_reasons=[])]}
2025-12-16 18:45:41,741 - main_osrm - INFO - Enhanced trip created successfully. Personalization: True
2025-12-16 18:45:41,749 - main_osrm - INFO - Request: POST /trips/create - Status: 200 - Duration: 214236.34ms
