2025-12-17 14:20:21,505 - __main__ - INFO - Starting Routivity Trip Planner Backend MVP (OSRM + Overpass + Firebase)
2025-12-17 14:20:21,561 - __main__ - INFO - Firebase Admin initialized successfully
2025-12-17 14:20:22,174 - main_osrm - INFO - Starting Routivity Trip Planner Backend MVP (OSRM + Overpass + Firebase)
2025-12-17 14:20:22,175 - main_osrm - INFO - Firebase Admin initialized successfully
2025-12-17 14:28:53,190 - main_osrm - WARNING - No preferences found for user rVwt0LNUZZfr33bnidLSbgCGxWl1
2025-12-17 14:28:53,192 - main_osrm - INFO - Request: GET /users/rVwt0LNUZZfr33bnidLSbgCGxWl1/preferences - Status: 404 - Duration: 1152.76ms
2025-12-17 14:30:28,754 - main_osrm - WARNING - No preferences found for user rVwt0LNUZZfr33bnidLSbgCGxWl1
2025-12-17 14:30:28,756 - main_osrm - INFO - Request: GET /users/rVwt0LNUZZfr33bnidLSbgCGxWl1/preferences - Status: 404 - Duration: 443.14ms
2025-12-17 14:30:58,852 - main_osrm - INFO - === ENHANCED create_trip with personalization ===
2025-12-17 14:30:58,852 - main_osrm - INFO - Using explicitly passed personalization preferences: foodPreference='any' budget='moderate' pace='balanced' mood='adventure' companions='solo' activities=[] accessibility='none'
2025-12-17 14:30:58,855 - main_osrm - INFO - Fetching baseline OSRM route...
2025-12-17 14:31:01,161 - httpx - INFO - HTTP Request: GET http://router.project-osrm.org/route/v1/driving/80.2023035,13.0008413;76.2444378,9.9679032?overview=full&geometries=geojson&steps=true "HTTP/1.1 200 OK"
2025-12-17 14:31:02,542 - main_osrm - INFO - Baseline route: duration=33849s distance=664390.4m
2025-12-17 14:31:02,542 - main_osrm - INFO - Initial trip window: depart=2025-12-18T02:49:43.879000
2025-12-17 14:31:02,543 - main_osrm - INFO - Extracted 98 checkpoints from baseline route
2025-12-17 14:31:02,543 - main_osrm - INFO - Skipping meal 'dinner' - window doesn't intersect trip
2025-12-17 14:31:02,543 - main_osrm - INFO - Considering meals: ['breakfast', 'lunch']
2025-12-17 14:31:02,543 - main_osrm - INFO - Processing meal 'breakfast' with personalization
2025-12-17 14:31:02,544 - main_osrm - INFO - Meal 'breakfast' ETA: 2025-12-18T09:10:48.279000 at 11.427391,77.675436
2025-12-17 14:31:02,544 - main_osrm - INFO - Searching Overpass for 'restaurant' around 11.427391,77.675436 (radius=3000m)
2025-12-17 14:31:06,971 - httpx - INFO - HTTP Request: POST https://overpass-api.de/api/interpreter "HTTP/1.1 200 OK"
2025-12-17 14:31:06,973 - main_osrm - INFO - Overpass returned 0 places for breakfast at radius=3000m
2025-12-17 14:31:06,973 - main_osrm - INFO - Searching Overpass for 'restaurant' around 11.427391,77.675436 (radius=7000m)
2025-12-17 14:31:08,007 - httpx - INFO - HTTP Request: POST https://overpass-api.de/api/interpreter "HTTP/1.1 200 OK"
2025-12-17 14:31:08,008 - main_osrm - INFO - Overpass returned 2 places for breakfast at radius=7000m
2025-12-17 14:31:08,009 - main_osrm - INFO - 2 places after SMART preference filtering for breakfast
2025-12-17 14:31:08,611 - httpx - INFO - HTTP Request: GET http://router.project-osrm.org/table/v1/driving/80.2023035,13.0008413;77.6466465,11.3725755;76.2444378,9.9679032?annotations=duration "HTTP/1.1 200 OK"
2025-12-17 14:31:09,252 - httpx - INFO - HTTP Request: GET http://router.project-osrm.org/table/v1/driving/80.2023035,13.0008413;77.6516565,11.3756705;76.2444378,9.9679032?annotations=duration "HTTP/1.1 200 OK"
2025-12-17 14:31:09,254 - main_osrm - INFO - 2 candidates scored for breakfast
2025-12-17 14:31:09,261 - main_osrm - INFO - Selected: Athithi Cafe score=1.37 detour=7min
2025-12-17 14:31:09,262 - main_osrm - INFO - Selected: Canteen score=1.17 detour=9min
2025-12-17 14:31:09,262 - main_osrm - INFO - Processing meal 'lunch' with personalization
2025-12-17 14:31:09,263 - main_osrm - INFO - Meal 'lunch' ETA: 2025-12-18T12:02:43.579000 at 10.019837,76.225289
2025-12-17 14:31:09,264 - main_osrm - INFO - Searching Overpass for 'restaurant' around 10.019837,76.225289 (radius=3000m)
2025-12-17 14:31:14,333 - httpx - INFO - HTTP Request: POST https://overpass-api.de/api/interpreter "HTTP/1.1 504 Gateway Timeout"
2025-12-17 14:31:14,335 - main_osrm - WARNING - Overpass API timeout (504) for query='restaurant'. Returning empty.
2025-12-17 14:31:14,336 - main_osrm - INFO - Overpass returned 0 places for lunch at radius=3000m
2025-12-17 14:31:14,337 - main_osrm - INFO - Searching Overpass for 'restaurant' around 10.019837,76.225289 (radius=7000m)
2025-12-17 14:31:20,660 - httpx - INFO - HTTP Request: POST https://overpass-api.de/api/interpreter "HTTP/1.1 200 OK"
2025-12-17 14:31:20,664 - main_osrm - INFO - Overpass returned 133 places for lunch at radius=7000m
2025-12-17 14:31:20,664 - main_osrm - INFO - 133 places after SMART preference filtering for lunch
2025-12-17 14:31:21,231 - httpx - INFO - HTTP Request: GET http://router.project-osrm.org/table/v1/driving/80.2023035,13.0008413;76.2431551,9.9672179;76.2444378,9.9679032?annotations=duration "HTTP/1.1 200 OK"
2025-12-17 14:31:21,816 - httpx - INFO - HTTP Request: GET http://router.project-osrm.org/table/v1/driving/80.2023035,13.0008413;76.2426715,9.9672455;76.2444378,9.9679032?annotations=duration "HTTP/1.1 200 OK"
2025-12-17 14:31:31,237 - httpx - INFO - HTTP Request: GET http://router.project-osrm.org/table/v1/driving/80.2023035,13.0008413;76.2454728,9.9680169;76.2444378,9.9679032?annotations=duration "HTTP/1.1 200 OK"
2025-12-17 14:31:41,237 - httpx - INFO - HTTP Request: GET http://router.project-osrm.org/table/v1/driving/80.2023035,13.0008413;76.2420706,9.9655014;76.2444378,9.9679032?annotations=duration "HTTP/1.1 200 OK"
2025-12-17 14:31:51,254 - httpx - INFO - HTTP Request: GET http://router.project-osrm.org/table/v1/driving/80.2023035,13.0008413;76.24319,9.964454;76.2444378,9.9679032?annotations=duration "HTTP/1.1 200 OK"
2025-12-17 14:31:51,873 - httpx - INFO - HTTP Request: GET http://router.project-osrm.org/table/v1/driving/80.2023035,13.0008413;76.2435872,9.9654331;76.2444378,9.9679032?annotations=duration "HTTP/1.1 200 OK"
2025-12-17 14:32:01,286 - httpx - INFO - HTTP Request: GET http://router.project-osrm.org/table/v1/driving/80.2023035,13.0008413;76.2454957,9.9641498;76.2444378,9.9679032?annotations=duration "HTTP/1.1 200 OK"
2025-12-17 14:32:11,317 - httpx - INFO - HTTP Request: GET http://router.project-osrm.org/table/v1/driving/80.2023035,13.0008413;76.2456082,9.9642981;76.2444378,9.9679032?annotations=duration "HTTP/1.1 200 OK"
2025-12-17 14:32:21,363 - httpx - INFO - HTTP Request: GET http://router.project-osrm.org/table/v1/driving/80.2023035,13.0008413;76.2436927,9.9652413;76.2444378,9.9679032?annotations=duration "HTTP/1.1 200 OK"
2025-12-17 14:32:31,273 - httpx - INFO - HTTP Request: GET http://router.project-osrm.org/table/v1/driving/80.2023035,13.0008413;76.2424088,9.9661482;76.2444378,9.9679032?annotations=duration "HTTP/1.1 200 OK"
2025-12-17 14:32:41,265 - httpx - INFO - HTTP Request: GET http://router.project-osrm.org/table/v1/driving/80.2023035,13.0008413;76.23901,9.963076;76.2444378,9.9679032?annotations=duration "HTTP/1.1 200 OK"
2025-12-17 14:32:51,275 - httpx - INFO - HTTP Request: GET http://router.project-osrm.org/table/v1/driving/80.2023035,13.0008413;76.2434359,9.9647879;76.2444378,9.9679032?annotations=duration "HTTP/1.1 200 OK"
2025-12-17 14:32:51,277 - main_osrm - INFO - 12 candidates scored for lunch
2025-12-17 14:32:51,277 - main_osrm - INFO - Selected: Hotel Cochin Fort score=1.47 detour=1min
2025-12-17 14:32:51,278 - main_osrm - INFO - Selected: Fish n Chips score=1.47 detour=1min
2025-12-17 14:32:51,279 - main_osrm - INFO - Selected: Upstairs Italian Restaurant score=1.47 detour=1min
2025-12-17 14:32:51,280 - main_osrm - INFO - Selected: Khrisna Kripa Seafood score=1.47 detour=2min
2025-12-17 14:32:51,280 - main_osrm - INFO - Selected: Hotel Lucky Star score=1.37 detour=2min
2025-12-17 14:32:51,280 - main_osrm - INFO - DEBUG: Meal suggestions structure: {'breakfast': [PlaceSuggestion(osm_id='1020311868', name='Athithi Cafe', location=LatLng(lat=11.3756705, lng=77.6516565), detour_minutes=7, eta_iso='2025-12-18T09:17:48.279000', tags={'amenity': 'restaurant', 'building': 'yes', 'diet:vegetarian': 'yes', 'name': 'Athithi Cafe'}, personalization_score=1.3699999999999999, match_reasons=[]), PlaceSuggestion(osm_id='11196299038', name='Canteen', location=LatLng(lat=11.3725755, lng=77.6466465), detour_minutes=9, eta_iso='2025-12-18T09:19:48.279000', tags={'amenity': 'restaurant', 'name': 'Canteen'}, personalization_score=1.17, match_reasons=[])], 'lunch': [PlaceSuggestion(osm_id='649118796', name='Hotel Cochin Fort', location=LatLng(lat=9.9680169, lng=76.2454728), detour_minutes=1, eta_iso='2025-12-18T12:03:43.579000', tags={'addr:city': 'Ernakulam', 'addr:postcode': '682001', 'addr:street': 'Bellar Road', 'air_conditioning': 'no', 'amenity': 'restaurant', 'bar': 'yes', 'brewery': 'no', 'capacity': '80', 'cuisine': 'indian;seafood;fish', 'delivery': 'no', 'level': '0', 'microbrewery': 'no', 'name': 'Hotel Cochin Fort', 'opening_hours': '12:00-22:00', 'outdoor_seating': 'yes', 'smoking': 'outside', 'takeaway': 'yes'}, personalization_score=1.4699999999999998, match_reasons=[]), PlaceSuggestion(osm_id='1010965650', name='Fish n Chips', location=LatLng(lat=9.964454, lng=76.24319), detour_minutes=1, eta_iso='2025-12-18T12:03:43.579000', tags={'addr:city': 'Fort Cochin', 'amenity': 'restaurant', 'check_date': '2024-01-14', 'cuisine': 'fish_and_chips', 'name': 'Fish n Chips'}, personalization_score=1.4699999999999998, match_reasons=[]), PlaceSuggestion(osm_id='1012258251', name='Upstairs Italian Restaurant', location=LatLng(lat=9.9654331, lng=76.2435872), detour_minutes=1, eta_iso='2025-12-18T12:03:43.579000', tags={'addr:city': 'Fort Cochin', 'air_conditioning': 'no', 'amenity': 'restaurant', 'bar': 'no', 'check_date': '2022-12-09', 'cuisine': 'italian;pizza', 'diet:non-vegetarian': 'yes', 'highchair': 'no', 'name': 'Upstairs Italian Restaurant', 'phone': '+91 94961 86608', 'source': 'survey', 'wheelchair': 'no'}, personalization_score=1.4699999999999998, match_reasons=[]), PlaceSuggestion(osm_id='2195975554', name='Khrisna Kripa Seafood', location=LatLng(lat=9.9647879, lng=76.2434359), detour_minutes=2, eta_iso='2025-12-18T12:04:43.579000', tags={'addr:city': 'Fort Cochin', 'amenity': 'restaurant', 'check_date': '2024-01-14', 'cuisine': 'seafood', 'name': 'Khrisna Kripa Seafood'}, personalization_score=1.4699999999999998, match_reasons=[]), PlaceSuggestion(osm_id='1195407647', name='Hotel Lucky Star', location=LatLng(lat=9.9641498, lng=76.2454957), detour_minutes=2, eta_iso='2025-12-18T12:04:43.579000', tags={'addr:city': 'Fort Cochin', 'amenity': 'restaurant', 'name': 'Hotel Lucky Star', 'opening_hours': 'Mo-Su 09:00-23:00'}, personalization_score=1.3699999999999999, match_reasons=[])]}
2025-12-17 14:32:51,282 - main_osrm - INFO - DEBUG: breakfast has 2 suggestions
2025-12-17 14:32:51,283 - main_osrm - INFO - DEBUG: Suggestion 1: osm_id='1020311868' name='Athithi Cafe' location=LatLng(lat=11.3756705, lng=77.6516565) detour_minutes=7 eta_iso='2025-12-18T09:17:48.279000' tags={'amenity': 'restaurant', 'building': 'yes', 'diet:vegetarian': 'yes', 'name': 'Athithi Cafe'} personalization_score=1.3699999999999999 match_reasons=[]
2025-12-17 14:32:51,283 - main_osrm - INFO - DEBUG: Suggestion 2: osm_id='11196299038' name='Canteen' location=LatLng(lat=11.3725755, lng=77.6466465) detour_minutes=9 eta_iso='2025-12-18T09:19:48.279000' tags={'amenity': 'restaurant', 'name': 'Canteen'} personalization_score=1.17 match_reasons=[]
2025-12-17 14:32:51,284 - main_osrm - INFO - DEBUG: lunch has 5 suggestions
2025-12-17 14:32:51,284 - main_osrm - INFO - DEBUG: Suggestion 1: osm_id='649118796' name='Hotel Cochin Fort' location=LatLng(lat=9.9680169, lng=76.2454728) detour_minutes=1 eta_iso='2025-12-18T12:03:43.579000' tags={'addr:city': 'Ernakulam', 'addr:postcode': '682001', 'addr:street': 'Bellar Road', 'air_conditioning': 'no', 'amenity': 'restaurant', 'bar': 'yes', 'brewery': 'no', 'capacity': '80', 'cuisine': 'indian;seafood;fish', 'delivery': 'no', 'level': '0', 'microbrewery': 'no', 'name': 'Hotel Cochin Fort', 'opening_hours': '12:00-22:00', 'outdoor_seating': 'yes', 'smoking': 'outside', 'takeaway': 'yes'} personalization_score=1.4699999999999998 match_reasons=[]
2025-12-17 14:32:51,285 - main_osrm - INFO - DEBUG: Suggestion 2: osm_id='1010965650' name='Fish n Chips' location=LatLng(lat=9.964454, lng=76.24319) detour_minutes=1 eta_iso='2025-12-18T12:03:43.579000' tags={'addr:city': 'Fort Cochin', 'amenity': 'restaurant', 'check_date': '2024-01-14', 'cuisine': 'fish_and_chips', 'name': 'Fish n Chips'} personalization_score=1.4699999999999998 match_reasons=[]
2025-12-17 14:32:51,285 - main_osrm - INFO - DEBUG: Suggestion 3: osm_id='1012258251' name='Upstairs Italian Restaurant' location=LatLng(lat=9.9654331, lng=76.2435872) detour_minutes=1 eta_iso='2025-12-18T12:03:43.579000' tags={'addr:city': 'Fort Cochin', 'air_conditioning': 'no', 'amenity': 'restaurant', 'bar': 'no', 'check_date': '2022-12-09', 'cuisine': 'italian;pizza', 'diet:non-vegetarian': 'yes', 'highchair': 'no', 'name': 'Upstairs Italian Restaurant', 'phone': '+91 94961 86608', 'source': 'survey', 'wheelchair': 'no'} personalization_score=1.4699999999999998 match_reasons=[]
2025-12-17 14:32:51,286 - main_osrm - INFO - DEBUG: Suggestion 4: osm_id='2195975554' name='Khrisna Kripa Seafood' location=LatLng(lat=9.9647879, lng=76.2434359) detour_minutes=2 eta_iso='2025-12-18T12:04:43.579000' tags={'addr:city': 'Fort Cochin', 'amenity': 'restaurant', 'check_date': '2024-01-14', 'cuisine': 'seafood', 'name': 'Khrisna Kripa Seafood'} personalization_score=1.4699999999999998 match_reasons=[]
2025-12-17 14:32:51,286 - main_osrm - INFO - DEBUG: Suggestion 5: osm_id='1195407647' name='Hotel Lucky Star' location=LatLng(lat=9.9641498, lng=76.2454957) detour_minutes=2 eta_iso='2025-12-18T12:04:43.579000' tags={'addr:city': 'Fort Cochin', 'amenity': 'restaurant', 'name': 'Hotel Lucky Star', 'opening_hours': 'Mo-Su 09:00-23:00'} personalization_score=1.3699999999999999 match_reasons=[]
2025-12-17 14:32:51,287 - main_osrm - INFO - Searching for tourist spots along the route...
2025-12-17 14:32:51,287 - main_osrm - INFO - Searching for tourist spots along the route...
2025-12-17 14:32:56,208 - httpx - INFO - HTTP Request: POST https://overpass-api.de/api/interpreter "HTTP/1.1 504 Gateway Timeout"
2025-12-17 14:32:58,584 - httpx - INFO - HTTP Request: POST https://overpass-api.de/api/interpreter "HTTP/1.1 200 OK"
2025-12-17 14:33:04,126 - httpx - INFO - HTTP Request: POST https://overpass-api.de/api/interpreter "HTTP/1.1 200 OK"
2025-12-17 14:33:04,129 - main_osrm - INFO - Found 25 potential tourist spots
2025-12-17 14:33:04,689 - httpx - INFO - HTTP Request: GET http://router.project-osrm.org/table/v1/driving/80.2023035,13.0008413;78.184535,11.6536493;76.2444378,9.9679032?annotations=duration "HTTP/1.1 200 OK"
2025-12-17 14:33:14,693 - httpx - INFO - HTTP Request: GET http://router.project-osrm.org/table/v1/driving/80.2023035,13.0008413;78.189469,11.6602549;76.2444378,9.9679032?annotations=duration "HTTP/1.1 200 OK"
2025-12-17 14:33:24,692 - httpx - INFO - HTTP Request: GET http://router.project-osrm.org/table/v1/driving/80.2023035,13.0008413;78.1409497,11.668526;76.2444378,9.9679032?annotations=duration "HTTP/1.1 200 OK"
2025-12-17 14:33:34,688 - httpx - INFO - HTTP Request: GET http://router.project-osrm.org/table/v1/driving/80.2023035,13.0008413;76.3109986,10.2318616;76.2444378,9.9679032?annotations=duration "HTTP/1.1 200 OK"
2025-12-17 14:33:44,709 - httpx - INFO - HTTP Request: GET http://router.project-osrm.org/table/v1/driving/80.2023035,13.0008413;76.2879966,10.2328881;76.2444378,9.9679032?annotations=duration "HTTP/1.1 200 OK"
2025-12-17 14:33:45,399 - httpx - INFO - HTTP Request: GET http://router.project-osrm.org/table/v1/driving/80.2023035,13.0008413;76.2484834,10.1688947;76.2444378,9.9679032?annotations=duration "HTTP/1.1 200 OK"
2025-12-17 14:33:55,460 - httpx - INFO - HTTP Request: GET http://router.project-osrm.org/table/v1/driving/80.2023035,13.0008413;76.2313252,10.1488673;76.2444378,9.9679032?annotations=duration "HTTP/1.1 200 OK"
2025-12-17 14:33:56,355 - httpx - INFO - HTTP Request: GET http://router.project-osrm.org/table/v1/driving/80.2023035,13.0008413;76.2966378,10.2684323;76.2444378,9.9679032?annotations=duration "HTTP/1.1 200 OK"
2025-12-17 14:34:05,416 - httpx - INFO - HTTP Request: GET http://router.project-osrm.org/table/v1/driving/80.2023035,13.0008413;76.2246841,10.1485772;76.2444378,9.9679032?annotations=duration "HTTP/1.1 200 OK"
2025-12-17 14:34:06,418 - httpx - INFO - HTTP Request: GET http://router.project-osrm.org/table/v1/driving/80.2023035,13.0008413;76.2682817,10.2402418;76.2444378,9.9679032?annotations=duration "HTTP/1.1 200 OK"
2025-12-17 14:34:06,419 - main_osrm - INFO - Final Selection: 10 tourist spots (from 25 raw)
2025-12-17 14:34:06,420 - main_osrm - INFO - DEBUG: Final response meal_suggestions: {'breakfast': [PlaceSuggestion(osm_id='1020311868', name='Athithi Cafe', location=LatLng(lat=11.3756705, lng=77.6516565), detour_minutes=7, eta_iso='2025-12-18T09:17:48.279000', tags={'amenity': 'restaurant', 'building': 'yes', 'diet:vegetarian': 'yes', 'name': 'Athithi Cafe'}, personalization_score=1.3699999999999999, match_reasons=[]), PlaceSuggestion(osm_id='11196299038', name='Canteen', location=LatLng(lat=11.3725755, lng=77.6466465), detour_minutes=9, eta_iso='2025-12-18T09:19:48.279000', tags={'amenity': 'restaurant', 'name': 'Canteen'}, personalization_score=1.17, match_reasons=[])], 'lunch': [PlaceSuggestion(osm_id='649118796', name='Hotel Cochin Fort', location=LatLng(lat=9.9680169, lng=76.2454728), detour_minutes=1, eta_iso='2025-12-18T12:03:43.579000', tags={'addr:city': 'Ernakulam', 'addr:postcode': '682001', 'addr:street': 'Bellar Road', 'air_conditioning': 'no', 'amenity': 'restaurant', 'bar': 'yes', 'brewery': 'no', 'capacity': '80', 'cuisine': 'indian;seafood;fish', 'delivery': 'no', 'level': '0', 'microbrewery': 'no', 'name': 'Hotel Cochin Fort', 'opening_hours': '12:00-22:00', 'outdoor_seating': 'yes', 'smoking': 'outside', 'takeaway': 'yes'}, personalization_score=1.4699999999999998, match_reasons=[]), PlaceSuggestion(osm_id='1010965650', name='Fish n Chips', location=LatLng(lat=9.964454, lng=76.24319), detour_minutes=1, eta_iso='2025-12-18T12:03:43.579000', tags={'addr:city': 'Fort Cochin', 'amenity': 'restaurant', 'check_date': '2024-01-14', 'cuisine': 'fish_and_chips', 'name': 'Fish n Chips'}, personalization_score=1.4699999999999998, match_reasons=[]), PlaceSuggestion(osm_id='1012258251', name='Upstairs Italian Restaurant', location=LatLng(lat=9.9654331, lng=76.2435872), detour_minutes=1, eta_iso='2025-12-18T12:03:43.579000', tags={'addr:city': 'Fort Cochin', 'air_conditioning': 'no', 'amenity': 'restaurant', 'bar': 'no', 'check_date': '2022-12-09', 'cuisine': 'italian;pizza', 'diet:non-vegetarian': 'yes', 'highchair': 'no', 'name': 'Upstairs Italian Restaurant', 'phone': '+91 94961 86608', 'source': 'survey', 'wheelchair': 'no'}, personalization_score=1.4699999999999998, match_reasons=[]), PlaceSuggestion(osm_id='2195975554', name='Khrisna Kripa Seafood', location=LatLng(lat=9.9647879, lng=76.2434359), detour_minutes=2, eta_iso='2025-12-18T12:04:43.579000', tags={'addr:city': 'Fort Cochin', 'amenity': 'restaurant', 'check_date': '2024-01-14', 'cuisine': 'seafood', 'name': 'Khrisna Kripa Seafood'}, personalization_score=1.4699999999999998, match_reasons=[]), PlaceSuggestion(osm_id='1195407647', name='Hotel Lucky Star', location=LatLng(lat=9.9641498, lng=76.2454957), detour_minutes=2, eta_iso='2025-12-18T12:04:43.579000', tags={'addr:city': 'Fort Cochin', 'amenity': 'restaurant', 'name': 'Hotel Lucky Star', 'opening_hours': 'Mo-Su 09:00-23:00'}, personalization_score=1.3699999999999999, match_reasons=[])]}
2025-12-17 14:34:06,421 - main_osrm - INFO - Enhanced trip created successfully. Personalization: True
2025-12-17 14:34:06,437 - main_osrm - INFO - Request: POST /trips/create - Status: 200 - Duration: 187602.62ms
2025-12-17 14:39:10,796 - main_osrm - WARNING - No preferences found for user rVwt0LNUZZfr33bnidLSbgCGxWl1
2025-12-17 14:39:10,798 - main_osrm - INFO - Request: GET /users/rVwt0LNUZZfr33bnidLSbgCGxWl1/preferences - Status: 404 - Duration: 1566.07ms
2025-12-17 14:39:34,629 - main_osrm - INFO - === ENHANCED create_trip with personalization ===
2025-12-17 14:39:34,630 - main_osrm - INFO - Using explicitly passed personalization preferences: foodPreference='any' budget='moderate' pace='balanced' mood='adventure' companions='solo' activities=[] accessibility='none'
2025-12-17 14:39:34,631 - main_osrm - INFO - Fetching baseline OSRM route...
2025-12-17 14:39:35,298 - httpx - INFO - HTTP Request: GET http://router.project-osrm.org/route/v1/driving/80.2023035,13.0008413;77.590082,12.9767936?overview=full&geometries=geojson&steps=true "HTTP/1.1 200 OK"
2025-12-17 14:39:35,797 - main_osrm - INFO - Baseline route: duration=14869s distance=320637.4m
2025-12-17 14:39:35,798 - main_osrm - INFO - Initial trip window: depart=2025-12-18T08:16:21.003000
2025-12-17 14:39:35,798 - main_osrm - INFO - Extracted 59 checkpoints from baseline route
2025-12-17 14:39:35,798 - main_osrm - INFO - Skipping meal 'dinner' - window doesn't intersect trip
2025-12-17 14:39:35,799 - main_osrm - INFO - Considering meals: ['breakfast', 'lunch']
2025-12-17 14:39:35,799 - main_osrm - INFO - Processing meal 'breakfast' with personalization
2025-12-17 14:39:35,799 - main_osrm - INFO - Meal 'breakfast' ETA: 2025-12-18T08:16:26.503000 at 13.000841,80.202301
2025-12-17 14:39:35,799 - main_osrm - INFO - Searching Overpass for 'restaurant' around 13.000841,80.202301 (radius=3000m)
2025-12-17 14:39:37,373 - httpx - INFO - HTTP Request: POST https://overpass-api.de/api/interpreter "HTTP/1.1 200 OK"
2025-12-17 14:39:37,376 - main_osrm - INFO - Overpass returned 56 places for breakfast at radius=3000m
2025-12-17 14:39:37,376 - main_osrm - INFO - 56 places after SMART preference filtering for breakfast
2025-12-17 14:39:37,944 - httpx - INFO - HTTP Request: GET http://router.project-osrm.org/table/v1/driving/80.2023035,13.0008413;80.1874068,12.9946821;77.590082,12.9767936?annotations=duration "HTTP/1.1 200 OK"
2025-12-17 14:39:47,939 - httpx - INFO - HTTP Request: GET http://router.project-osrm.org/table/v1/driving/80.2023035,13.0008413;80.2043612,13.0008164;77.590082,12.9767936?annotations=duration "HTTP/1.1 200 OK"
2025-12-17 14:39:57,943 - httpx - INFO - HTTP Request: GET http://router.project-osrm.org/table/v1/driving/80.2023035,13.0008413;80.2057624,13.0064035;77.590082,12.9767936?annotations=duration "HTTP/1.1 200 OK"
2025-12-17 14:40:07,936 - httpx - INFO - HTTP Request: GET http://router.project-osrm.org/table/v1/driving/80.2023035,13.0008413;80.2057624,13.0062581;77.590082,12.9767936?annotations=duration "HTTP/1.1 200 OK"
2025-12-17 14:40:08,554 - httpx - INFO - HTTP Request: GET http://router.project-osrm.org/table/v1/driving/80.2023035,13.0008413;80.2057662,13.0061052;77.590082,12.9767936?annotations=duration "HTTP/1.1 200 OK"
2025-12-17 14:40:17,956 - httpx - INFO - HTTP Request: GET http://router.project-osrm.org/table/v1/driving/80.2023035,13.0008413;80.2106059,13.0083726;77.590082,12.9767936?annotations=duration "HTTP/1.1 200 OK"
2025-12-17 14:40:27,954 - httpx - INFO - HTTP Request: GET http://router.project-osrm.org/table/v1/driving/80.2023035,13.0008413;80.2227101,13.0131553;77.590082,12.9767936?annotations=duration "HTTP/1.1 200 OK"
2025-12-17 14:40:28,619 - httpx - INFO - HTTP Request: GET http://router.project-osrm.org/table/v1/driving/80.2023035,13.0008413;80.2179786,12.9805893;77.590082,12.9767936?annotations=duration "HTTP/1.1 200 OK"
2025-12-17 14:40:29,543 - main_osrm - WARNING - No preferences found for user rVwt0LNUZZfr33bnidLSbgCGxWl1
2025-12-17 14:40:29,545 - main_osrm - INFO - Request: GET /users/rVwt0LNUZZfr33bnidLSbgCGxWl1/preferences - Status: 404 - Duration: 307.01ms
2025-12-17 14:40:37,961 - httpx - INFO - HTTP Request: GET http://router.project-osrm.org/table/v1/driving/80.2023035,13.0008413;80.2182307,12.9841726;77.590082,12.9767936?annotations=duration "HTTP/1.1 200 OK"
2025-12-17 14:40:47,487 - main_osrm - INFO - === ENHANCED create_trip with personalization ===
2025-12-17 14:40:47,488 - main_osrm - INFO - Using explicitly passed personalization preferences: foodPreference='any' budget='moderate' pace='balanced' mood='adventure' companions='solo' activities=[] accessibility='none'
2025-12-17 14:40:47,489 - main_osrm - INFO - Fetching baseline OSRM route...
2025-12-17 14:40:47,970 - httpx - INFO - HTTP Request: GET http://router.project-osrm.org/table/v1/driving/80.2023035,13.0008413;80.2177291,12.9847606;77.590082,12.9767936?annotations=duration "HTTP/1.1 200 OK"
2025-12-17 14:40:48,223 - httpx - INFO - HTTP Request: GET http://router.project-osrm.org/route/v1/driving/80.2023035,13.0008413;77.590082,12.9767936?overview=full&geometries=geojson&steps=true "HTTP/1.1 200 OK"
2025-12-17 14:40:48,600 - main_osrm - INFO - Baseline route: duration=14869s distance=320637.4m
2025-12-17 14:40:48,600 - main_osrm - INFO - Initial trip window: depart=2025-12-18T08:17:41.141000
2025-12-17 14:40:48,600 - main_osrm - INFO - Extracted 59 checkpoints from baseline route
2025-12-17 14:40:48,601 - main_osrm - INFO - Skipping meal 'dinner' - window doesn't intersect trip
2025-12-17 14:40:48,601 - main_osrm - INFO - Considering meals: ['breakfast', 'lunch']
2025-12-17 14:40:48,601 - main_osrm - INFO - Processing meal 'breakfast' with personalization
2025-12-17 14:40:48,601 - main_osrm - INFO - Meal 'breakfast' ETA: 2025-12-18T08:17:46.641000 at 13.000841,80.202301
2025-12-17 14:40:48,602 - main_osrm - INFO - Searching Overpass for 'restaurant' around 13.000841,80.202301 (radius=3000m)
2025-12-17 14:40:52,859 - httpx - INFO - HTTP Request: POST https://overpass-api.de/api/interpreter "HTTP/1.1 200 OK"
2025-12-17 14:40:52,861 - main_osrm - INFO - Overpass returned 56 places for breakfast at radius=3000m
2025-12-17 14:40:52,862 - main_osrm - INFO - 56 places after SMART preference filtering for breakfast
2025-12-17 14:40:57,975 - httpx - INFO - HTTP Request: GET http://router.project-osrm.org/table/v1/driving/80.2023035,13.0008413;80.2001919,12.9933742;77.590082,12.9767936?annotations=duration "HTTP/1.1 200 OK"
2025-12-17 14:41:07,963 - httpx - INFO - HTTP Request: GET http://router.project-osrm.org/table/v1/driving/80.2023035,13.0008413;80.1874068,12.9946821;77.590082,12.9767936?annotations=duration "HTTP/1.1 200 OK"
2025-12-17 14:41:13,381 - main_osrm - WARNING - compute_detour_osrm failed: 
2025-12-17 14:41:13,381 - main_osrm - INFO - 11 candidates scored for breakfast
2025-12-17 14:41:13,381 - main_osrm - INFO - Selected: Ponnusamy Hotel score=1.47 detour=7min
2025-12-17 14:41:13,386 - main_osrm - INFO - Selected: Madras Cafe score=1.27 detour=1min
2025-12-17 14:41:13,387 - main_osrm - INFO - Selected: Navratna score=1.27 detour=2min
2025-12-17 14:41:13,387 - main_osrm - INFO - Selected: Kayal score=1.27 detour=2min
2025-12-17 14:41:13,387 - main_osrm - INFO - Selected: Ratna Cafe score=1.27 detour=15min
2025-12-17 14:41:13,387 - main_osrm - INFO - Processing meal 'lunch' with personalization
2025-12-17 14:41:13,387 - main_osrm - INFO - Meal 'lunch' ETA: 2025-12-18T12:09:41.303000 at 13.081643,77.816187
2025-12-17 14:41:13,388 - main_osrm - INFO - Searching Overpass for 'restaurant' around 13.081643,77.816187 (radius=3000m)
2025-12-17 14:41:17,740 - httpx - INFO - HTTP Request: POST https://overpass-api.de/api/interpreter "HTTP/1.1 200 OK"
2025-12-17 14:41:17,743 - main_osrm - INFO - Overpass returned 3 places for lunch at radius=3000m
2025-12-17 14:41:17,744 - main_osrm - INFO - 3 places after SMART preference filtering for lunch
2025-12-17 14:41:18,360 - httpx - INFO - HTTP Request: GET http://router.project-osrm.org/table/v1/driving/80.2023035,13.0008413;77.8021375,13.0740569;77.590082,12.9767936?annotations=duration "HTTP/1.1 200 OK"
2025-12-17 14:41:23,550 - main_osrm - WARNING - compute_detour_osrm failed: 
2025-12-17 14:41:28,374 - httpx - INFO - HTTP Request: GET http://router.project-osrm.org/table/v1/driving/80.2023035,13.0008413;80.2057624,13.0064035;77.590082,12.9767936?annotations=duration "HTTP/1.1 200 OK"
2025-12-17 14:41:33,954 - main_osrm - WARNING - compute_detour_osrm failed: 
2025-12-17 14:41:38,371 - httpx - INFO - HTTP Request: GET http://router.project-osrm.org/table/v1/driving/80.2023035,13.0008413;77.8108168,13.0916932;77.590082,12.9767936?annotations=duration "HTTP/1.1 200 OK"
2025-12-17 14:41:38,373 - main_osrm - INFO - 2 candidates scored for lunch
2025-12-17 14:41:38,374 - main_osrm - INFO - Selected: Sri Krishnasagar Restaurent score=1.47 detour=5min
2025-12-17 14:41:38,374 - main_osrm - INFO - Selected: Mani's dum biriyani score=1.27 detour=3min
2025-12-17 14:41:38,375 - main_osrm - INFO - DEBUG: Meal suggestions structure: {'breakfast': [PlaceSuggestion(osm_id='1563555334', name='Ponnusamy Hotel', location=LatLng(lat=13.0131553, lng=80.2227101), detour_minutes=7, eta_iso='2025-12-18T08:23:26.503000', tags={'addr:postcode': '600015', 'addr:street': 'Anna Salai, Saidapet', 'amenity': 'restaurant', 'cuisine': 'regional', 'name': 'Ponnusamy Hotel', 'website': 'https://www.ponnusamyhotels.com/'}, personalization_score=1.4699999999999998, match_reasons=[]), PlaceSuggestion(osm_id='339280986', name='Madras Cafe', location=LatLng(lat=13.0008164, lng=80.2043612), detour_minutes=1, eta_iso='2025-12-18T08:17:26.503000', tags={'amenity': 'restaurant', 'created_by': 'Potlatch 0.10f', 'name': 'Madras Cafe'}, personalization_score=1.27, match_reasons=[]), PlaceSuggestion(osm_id='391835432', name='Navratna', location=LatLng(lat=13.0062581, lng=80.2057624), detour_minutes=2, eta_iso='2025-12-18T08:18:26.503000', tags={'amenity': 'restaurant', 'cuisine': 'north_indian', 'name': 'Navratna'}, personalization_score=1.27, match_reasons=[]), PlaceSuggestion(osm_id='391835434', name='Kayal', location=LatLng(lat=13.0061052, lng=80.2057662), detour_minutes=2, eta_iso='2025-12-18T08:18:26.503000', tags={'amenity': 'restaurant', 'cuisine': 'mediterranean', 'name': 'Kayal'}, personalization_score=1.27, match_reasons=[]), PlaceSuggestion(osm_id='1751208045', name='Ratna Cafe', location=LatLng(lat=12.9805893, lng=80.2179786), detour_minutes=15, eta_iso='2025-12-18T08:31:26.503000', tags={'amenity': 'restaurant', 'diet:vegetarian': 'only', 'name': 'Ratna Cafe'}, personalization_score=1.27, match_reasons=[])], 'lunch': [PlaceSuggestion(osm_id='1427252162', name='Sri Krishnasagar Restaurent', location=LatLng(lat=13.0916932, lng=77.8108168), detour_minutes=5, eta_iso='2025-12-18T12:14:41.303000', tags={'amenity': 'restaurant', 'building': 'apartments', 'building:levels': '2', 'cuisine': 'regional', 'name': 'Sri Krishnasagar Restaurent'}, personalization_score=1.4699999999999998, match_reasons=[]), PlaceSuggestion(osm_id='11386033062', name="Mani's dum biriyani", location=LatLng(lat=13.0740569, lng=77.8021375), detour_minutes=3, eta_iso='2025-12-18T12:12:41.303000', tags={'amenity': 'restaurant', 'name': "Mani's dum biriyani", 'opening_hours': 'Tu, Fr, Su 02:00-07:00'}, personalization_score=1.27, match_reasons=[])]}
2025-12-17 14:41:38,376 - main_osrm - INFO - DEBUG: breakfast has 5 suggestions
2025-12-17 14:41:38,376 - main_osrm - INFO - DEBUG: Suggestion 1: osm_id='1563555334' name='Ponnusamy Hotel' location=LatLng(lat=13.0131553, lng=80.2227101) detour_minutes=7 eta_iso='2025-12-18T08:23:26.503000' tags={'addr:postcode': '600015', 'addr:street': 'Anna Salai, Saidapet', 'amenity': 'restaurant', 'cuisine': 'regional', 'name': 'Ponnusamy Hotel', 'website': 'https://www.ponnusamyhotels.com/'} personalization_score=1.4699999999999998 match_reasons=[]
2025-12-17 14:41:38,377 - main_osrm - INFO - DEBUG: Suggestion 2: osm_id='339280986' name='Madras Cafe' location=LatLng(lat=13.0008164, lng=80.2043612) detour_minutes=1 eta_iso='2025-12-18T08:17:26.503000' tags={'amenity': 'restaurant', 'created_by': 'Potlatch 0.10f', 'name': 'Madras Cafe'} personalization_score=1.27 match_reasons=[]
2025-12-17 14:41:38,377 - main_osrm - INFO - DEBUG: Suggestion 3: osm_id='391835432' name='Navratna' location=LatLng(lat=13.0062581, lng=80.2057624) detour_minutes=2 eta_iso='2025-12-18T08:18:26.503000' tags={'amenity': 'restaurant', 'cuisine': 'north_indian', 'name': 'Navratna'} personalization_score=1.27 match_reasons=[]
2025-12-17 14:41:38,379 - main_osrm - INFO - DEBUG: Suggestion 4: osm_id='391835434' name='Kayal' location=LatLng(lat=13.0061052, lng=80.2057662) detour_minutes=2 eta_iso='2025-12-18T08:18:26.503000' tags={'amenity': 'restaurant', 'cuisine': 'mediterranean', 'name': 'Kayal'} personalization_score=1.27 match_reasons=[]
2025-12-17 14:41:38,379 - main_osrm - INFO - DEBUG: Suggestion 5: osm_id='1751208045' name='Ratna Cafe' location=LatLng(lat=12.9805893, lng=80.2179786) detour_minutes=15 eta_iso='2025-12-18T08:31:26.503000' tags={'amenity': 'restaurant', 'diet:vegetarian': 'only', 'name': 'Ratna Cafe'} personalization_score=1.27 match_reasons=[]
2025-12-17 14:41:38,380 - main_osrm - INFO - DEBUG: lunch has 2 suggestions
2025-12-17 14:41:38,380 - main_osrm - INFO - DEBUG: Suggestion 1: osm_id='1427252162' name='Sri Krishnasagar Restaurent' location=LatLng(lat=13.0916932, lng=77.8108168) detour_minutes=5 eta_iso='2025-12-18T12:14:41.303000' tags={'amenity': 'restaurant', 'building': 'apartments', 'building:levels': '2', 'cuisine': 'regional', 'name': 'Sri Krishnasagar Restaurent'} personalization_score=1.4699999999999998 match_reasons=[]
2025-12-17 14:41:38,381 - main_osrm - INFO - DEBUG: Suggestion 2: osm_id='11386033062' name="Mani's dum biriyani" location=LatLng(lat=13.0740569, lng=77.8021375) detour_minutes=3 eta_iso='2025-12-18T12:12:41.303000' tags={'amenity': 'restaurant', 'name': "Mani's dum biriyani", 'opening_hours': 'Tu, Fr, Su 02:00-07:00'} personalization_score=1.27 match_reasons=[]
2025-12-17 14:41:38,381 - main_osrm - INFO - Searching for tourist spots along the route...
2025-12-17 14:41:38,381 - main_osrm - INFO - Searching for tourist spots along the route...
2025-12-17 14:41:43,900 - main_osrm - WARNING - compute_detour_osrm failed: 
2025-12-17 14:41:47,422 - httpx - INFO - HTTP Request: POST https://overpass-api.de/api/interpreter "HTTP/1.1 200 OK"
2025-12-17 14:41:56,212 - httpx - INFO - HTTP Request: POST https://overpass-api.de/api/interpreter "HTTP/1.1 504 Gateway Timeout"
2025-12-17 14:41:58,002 - httpx - INFO - HTTP Request: GET http://router.project-osrm.org/table/v1/driving/80.2023035,13.0008413;80.2057662,13.0061052;77.590082,12.9767936?annotations=duration "HTTP/1.1 200 OK"
2025-12-17 14:41:58,666 - httpx - INFO - HTTP Request: GET http://router.project-osrm.org/table/v1/driving/80.2023035,13.0008413;80.2106059,13.0083726;77.590082,12.9767936?annotations=duration "HTTP/1.1 200 OK"
2025-12-17 14:42:03,392 - httpx - INFO - HTTP Request: POST https://overpass-api.de/api/interpreter "HTTP/1.1 200 OK"
2025-12-17 14:42:03,400 - main_osrm - INFO - Found 116 potential tourist spots
2025-12-17 14:42:08,005 - httpx - INFO - HTTP Request: GET http://router.project-osrm.org/table/v1/driving/80.2023035,13.0008413;80.2227101,13.0131553;77.590082,12.9767936?annotations=duration "HTTP/1.1 200 OK"
2025-12-17 14:42:18,130 - httpx - INFO - HTTP Request: GET http://router.project-osrm.org/table/v1/driving/80.2023035,13.0008413;79.945268,12.9609758;77.590082,12.9767936?annotations=duration "HTTP/1.1 200 OK"
2025-12-17 14:42:18,750 - httpx - INFO - HTTP Request: GET http://router.project-osrm.org/table/v1/driving/80.2023035,13.0008413;77.5997422,12.9773498;77.590082,12.9767936?annotations=duration "HTTP/1.1 200 OK"
2025-12-17 14:42:23,533 - main_osrm - WARNING - compute_detour_osrm failed: 
2025-12-17 14:42:28,851 - httpx - INFO - HTTP Request: GET http://router.project-osrm.org/table/v1/driving/80.2023035,13.0008413;77.6778627,13.0010382;77.590082,12.9767936?annotations=duration "HTTP/1.1 200 OK"
2025-12-17 14:42:37,992 - httpx - INFO - HTTP Request: GET http://router.project-osrm.org/table/v1/driving/80.2023035,13.0008413;80.2182307,12.9841726;77.590082,12.9767936?annotations=duration "HTTP/1.1 200 OK"
2025-12-17 14:42:38,756 - httpx - INFO - HTTP Request: GET http://router.project-osrm.org/table/v1/driving/80.2023035,13.0008413;80.2177291,12.9847606;77.590082,12.9767936?annotations=duration "HTTP/1.1 200 OK"
2025-12-17 14:42:44,269 - main_osrm - WARNING - compute_detour_osrm failed: 
2025-12-17 14:42:48,768 - httpx - INFO - HTTP Request: GET http://router.project-osrm.org/table/v1/driving/80.2023035,13.0008413;77.5971833,12.9803462;77.590082,12.9767936?annotations=duration "HTTP/1.1 200 OK"
2025-12-17 14:42:54,194 - main_osrm - WARNING - compute_detour_osrm failed: 
2025-12-17 14:43:04,204 - main_osrm - WARNING - compute_detour_osrm failed: 
2025-12-17 14:43:04,810 - httpx - INFO - HTTP Request: GET http://router.project-osrm.org/table/v1/driving/80.2023035,13.0008413;77.5932697,12.9752578;77.590082,12.9767936?annotations=duration "HTTP/1.1 200 OK"
2025-12-17 14:43:09,702 - main_osrm - WARNING - compute_detour_osrm failed: 
2025-12-17 14:43:09,703 - main_osrm - INFO - 7 candidates scored for breakfast
2025-12-17 14:43:09,703 - main_osrm - INFO - Selected: Ponnusamy Hotel score=1.47 detour=7min
2025-12-17 14:43:09,704 - main_osrm - INFO - Selected: Kayal score=1.27 detour=2min
2025-12-17 14:43:09,704 - main_osrm - INFO - Selected: Flamingo score=1.27 detour=12min
2025-12-17 14:43:09,705 - main_osrm - INFO - Selected: Mast Kalandar score=1.27 detour=12min
2025-12-17 14:43:09,705 - main_osrm - INFO - Selected: The Great Kabab Factory score=1.17 detour=4min
2025-12-17 14:43:09,706 - main_osrm - INFO - Processing meal 'lunch' with personalization
2025-12-17 14:43:09,706 - main_osrm - INFO - Meal 'lunch' ETA: 2025-12-18T12:11:01.441000 at 13.081643,77.816187
2025-12-17 14:43:09,707 - main_osrm - INFO - Searching Overpass for 'restaurant' around 13.081643,77.816187 (radius=3000m)
2025-12-17 14:43:14,782 - httpx - INFO - HTTP Request: POST https://overpass-api.de/api/interpreter "HTTP/1.1 200 OK"
2025-12-17 14:43:14,787 - main_osrm - INFO - Overpass returned 3 places for lunch at radius=3000m
2025-12-17 14:43:14,787 - main_osrm - INFO - 3 places after SMART preference filtering for lunch
2025-12-17 14:43:20,246 - main_osrm - WARNING - compute_detour_osrm failed: 
2025-12-17 14:43:20,860 - httpx - INFO - HTTP Request: GET http://router.project-osrm.org/table/v1/driving/80.2023035,13.0008413;77.6068577,12.9716496;77.590082,12.9767936?annotations=duration "HTTP/1.1 200 OK"
2025-12-17 14:43:30,235 - main_osrm - WARNING - compute_detour_osrm failed: 
2025-12-17 14:43:36,279 - main_osrm - WARNING - compute_detour_osrm failed: 
2025-12-17 14:43:36,280 - main_osrm - INFO - Final Selection: 6 tourist spots (from 116 raw)
2025-12-17 14:43:36,281 - main_osrm - INFO - DEBUG: Final response meal_suggestions: {'breakfast': [PlaceSuggestion(osm_id='1563555334', name='Ponnusamy Hotel', location=LatLng(lat=13.0131553, lng=80.2227101), detour_minutes=7, eta_iso='2025-12-18T08:23:26.503000', tags={'addr:postcode': '600015', 'addr:street': 'Anna Salai, Saidapet', 'amenity': 'restaurant', 'cuisine': 'regional', 'name': 'Ponnusamy Hotel', 'website': 'https://www.ponnusamyhotels.com/'}, personalization_score=1.4699999999999998, match_reasons=[]), PlaceSuggestion(osm_id='339280986', name='Madras Cafe', location=LatLng(lat=13.0008164, lng=80.2043612), detour_minutes=1, eta_iso='2025-12-18T08:17:26.503000', tags={'amenity': 'restaurant', 'created_by': 'Potlatch 0.10f', 'name': 'Madras Cafe'}, personalization_score=1.27, match_reasons=[]), PlaceSuggestion(osm_id='391835432', name='Navratna', location=LatLng(lat=13.0062581, lng=80.2057624), detour_minutes=2, eta_iso='2025-12-18T08:18:26.503000', tags={'amenity': 'restaurant', 'cuisine': 'north_indian', 'name': 'Navratna'}, personalization_score=1.27, match_reasons=[]), PlaceSuggestion(osm_id='391835434', name='Kayal', location=LatLng(lat=13.0061052, lng=80.2057662), detour_minutes=2, eta_iso='2025-12-18T08:18:26.503000', tags={'amenity': 'restaurant', 'cuisine': 'mediterranean', 'name': 'Kayal'}, personalization_score=1.27, match_reasons=[]), PlaceSuggestion(osm_id='1751208045', name='Ratna Cafe', location=LatLng(lat=12.9805893, lng=80.2179786), detour_minutes=15, eta_iso='2025-12-18T08:31:26.503000', tags={'amenity': 'restaurant', 'diet:vegetarian': 'only', 'name': 'Ratna Cafe'}, personalization_score=1.27, match_reasons=[])], 'lunch': [PlaceSuggestion(osm_id='1427252162', name='Sri Krishnasagar Restaurent', location=LatLng(lat=13.0916932, lng=77.8108168), detour_minutes=5, eta_iso='2025-12-18T12:14:41.303000', tags={'amenity': 'restaurant', 'building': 'apartments', 'building:levels': '2', 'cuisine': 'regional', 'name': 'Sri Krishnasagar Restaurent'}, personalization_score=1.4699999999999998, match_reasons=[]), PlaceSuggestion(osm_id='11386033062', name="Mani's dum biriyani", location=LatLng(lat=13.0740569, lng=77.8021375), detour_minutes=3, eta_iso='2025-12-18T12:12:41.303000', tags={'amenity': 'restaurant', 'name': "Mani's dum biriyani", 'opening_hours': 'Tu, Fr, Su 02:00-07:00'}, personalization_score=1.27, match_reasons=[])]}
2025-12-17 14:43:36,282 - main_osrm - INFO - Enhanced trip created successfully. Personalization: True
2025-12-17 14:43:36,283 - main_osrm - INFO - Request: POST /trips/create - Status: 200 - Duration: 241655.12ms
2025-12-17 14:43:45,775 - main_osrm - WARNING - compute_detour_osrm failed: 
2025-12-17 14:44:01,185 - main_osrm - WARNING - compute_detour_osrm failed: 
2025-12-17 14:44:01,186 - main_osrm - INFO - 0 candidates scored for lunch
2025-12-17 14:44:01,188 - main_osrm - INFO - DEBUG: Meal suggestions structure: {'breakfast': [PlaceSuggestion(osm_id='1563555334', name='Ponnusamy Hotel', location=LatLng(lat=13.0131553, lng=80.2227101), detour_minutes=7, eta_iso='2025-12-18T08:24:46.641000', tags={'addr:postcode': '600015', 'addr:street': 'Anna Salai, Saidapet', 'amenity': 'restaurant', 'cuisine': 'regional', 'name': 'Ponnusamy Hotel', 'website': 'https://www.ponnusamyhotels.com/'}, personalization_score=1.4699999999999998, match_reasons=[]), PlaceSuggestion(osm_id='391835434', name='Kayal', location=LatLng(lat=13.0061052, lng=80.2057662), detour_minutes=2, eta_iso='2025-12-18T08:19:46.641000', tags={'amenity': 'restaurant', 'cuisine': 'mediterranean', 'name': 'Kayal'}, personalization_score=1.27, match_reasons=[]), PlaceSuggestion(osm_id='1751208048', name='Flamingo', location=LatLng(lat=12.9841726, lng=80.2182307), detour_minutes=12, eta_iso='2025-12-18T08:29:46.641000', tags={'amenity': 'restaurant', 'diet:vegetarian': 'only', 'name': 'Flamingo'}, personalization_score=1.27, match_reasons=[]), PlaceSuggestion(osm_id='1751210935', name='Mast Kalandar', location=LatLng(lat=12.9847606, lng=80.2177291), detour_minutes=12, eta_iso='2025-12-18T08:29:46.641000', tags={'amenity': 'restaurant', 'diet:vegetarian': 'only', 'name': 'Mast Kalandar'}, personalization_score=1.27, match_reasons=[]), PlaceSuggestion(osm_id='257532623', name='The Great Kabab Factory', location=LatLng(lat=12.9946821, lng=80.1874068), detour_minutes=4, eta_iso='2025-12-18T08:21:46.641000', tags={'amenity': 'restaurant', 'name': 'The Great Kabab Factory'}, personalization_score=1.17, match_reasons=[])], 'lunch': []}
2025-12-17 14:44:01,188 - main_osrm - INFO - DEBUG: breakfast has 5 suggestions
2025-12-17 14:44:01,189 - main_osrm - INFO - DEBUG: Suggestion 1: osm_id='1563555334' name='Ponnusamy Hotel' location=LatLng(lat=13.0131553, lng=80.2227101) detour_minutes=7 eta_iso='2025-12-18T08:24:46.641000' tags={'addr:postcode': '600015', 'addr:street': 'Anna Salai, Saidapet', 'amenity': 'restaurant', 'cuisine': 'regional', 'name': 'Ponnusamy Hotel', 'website': 'https://www.ponnusamyhotels.com/'} personalization_score=1.4699999999999998 match_reasons=[]
2025-12-17 14:44:01,189 - main_osrm - INFO - DEBUG: Suggestion 2: osm_id='391835434' name='Kayal' location=LatLng(lat=13.0061052, lng=80.2057662) detour_minutes=2 eta_iso='2025-12-18T08:19:46.641000' tags={'amenity': 'restaurant', 'cuisine': 'mediterranean', 'name': 'Kayal'} personalization_score=1.27 match_reasons=[]
2025-12-17 14:44:01,190 - main_osrm - INFO - DEBUG: Suggestion 3: osm_id='1751208048' name='Flamingo' location=LatLng(lat=12.9841726, lng=80.2182307) detour_minutes=12 eta_iso='2025-12-18T08:29:46.641000' tags={'amenity': 'restaurant', 'diet:vegetarian': 'only', 'name': 'Flamingo'} personalization_score=1.27 match_reasons=[]
2025-12-17 14:44:01,190 - main_osrm - INFO - DEBUG: Suggestion 4: osm_id='1751210935' name='Mast Kalandar' location=LatLng(lat=12.9847606, lng=80.2177291) detour_minutes=12 eta_iso='2025-12-18T08:29:46.641000' tags={'amenity': 'restaurant', 'diet:vegetarian': 'only', 'name': 'Mast Kalandar'} personalization_score=1.27 match_reasons=[]
2025-12-17 14:44:01,191 - main_osrm - INFO - DEBUG: Suggestion 5: osm_id='257532623' name='The Great Kabab Factory' location=LatLng(lat=12.9946821, lng=80.1874068) detour_minutes=4 eta_iso='2025-12-18T08:21:46.641000' tags={'amenity': 'restaurant', 'name': 'The Great Kabab Factory'} personalization_score=1.17 match_reasons=[]
2025-12-17 14:44:01,191 - main_osrm - INFO - DEBUG: lunch has 0 suggestions
2025-12-17 14:44:01,192 - main_osrm - INFO - Searching for tourist spots along the route...
2025-12-17 14:44:01,193 - main_osrm - INFO - Searching for tourist spots along the route...
2025-12-17 14:44:06,595 - httpx - INFO - HTTP Request: POST https://overpass-api.de/api/interpreter "HTTP/1.1 200 OK"
2025-12-17 14:44:09,745 - httpx - INFO - HTTP Request: POST https://overpass-api.de/api/interpreter "HTTP/1.1 200 OK"
2025-12-17 14:44:12,635 - httpx - INFO - HTTP Request: POST https://overpass-api.de/api/interpreter "HTTP/1.1 200 OK"
2025-12-17 14:44:12,649 - main_osrm - INFO - Found 116 potential tourist spots
2025-12-17 14:44:18,144 - httpx - INFO - HTTP Request: GET http://router.project-osrm.org/table/v1/driving/80.2023035,13.0008413;79.945268,12.9609758;77.590082,12.9767936?annotations=duration "HTTP/1.1 200 OK"
2025-12-17 14:44:28,162 - httpx - INFO - HTTP Request: GET http://router.project-osrm.org/table/v1/driving/80.2023035,13.0008413;77.5997422,12.9773498;77.590082,12.9767936?annotations=duration "HTTP/1.1 200 OK"
2025-12-17 14:44:38,061 - httpx - INFO - HTTP Request: GET http://router.project-osrm.org/table/v1/driving/80.2023035,13.0008413;77.6778627,13.0010382;77.590082,12.9767936?annotations=duration "HTTP/1.1 200 OK"
2025-12-17 14:44:38,751 - httpx - INFO - HTTP Request: GET http://router.project-osrm.org/table/v1/driving/80.2023035,13.0008413;77.598791,12.9768621;77.590082,12.9767936?annotations=duration "HTTP/1.1 200 OK"
2025-12-17 14:44:48,149 - httpx - INFO - HTTP Request: GET http://router.project-osrm.org/table/v1/driving/80.2023035,13.0008413;77.5971833,12.9803462;77.590082,12.9767936?annotations=duration "HTTP/1.1 200 OK"
2025-12-17 14:44:58,084 - httpx - INFO - HTTP Request: GET http://router.project-osrm.org/table/v1/driving/80.2023035,13.0008413;77.5903612,12.9735236;77.590082,12.9767936?annotations=duration "HTTP/1.1 200 OK"
2025-12-17 14:44:58,906 - httpx - INFO - HTTP Request: GET http://router.project-osrm.org/table/v1/driving/80.2023035,13.0008413;77.5932697,12.9752578;77.590082,12.9767936?annotations=duration "HTTP/1.1 200 OK"
2025-12-17 14:45:08,097 - httpx - INFO - HTTP Request: GET http://router.project-osrm.org/table/v1/driving/80.2023035,13.0008413;77.5942806,12.9763165;77.590082,12.9767936?annotations=duration "HTTP/1.1 200 OK"
2025-12-17 14:45:18,186 - httpx - INFO - HTTP Request: GET http://router.project-osrm.org/table/v1/driving/80.2023035,13.0008413;77.6068577,12.9716496;77.590082,12.9767936?annotations=duration "HTTP/1.1 200 OK"
2025-12-17 14:45:28,081 - httpx - INFO - HTTP Request: GET http://router.project-osrm.org/table/v1/driving/80.2023035,13.0008413;77.7501877,12.9693344;77.590082,12.9767936?annotations=duration "HTTP/1.1 200 OK"
2025-12-17 14:45:28,083 - main_osrm - INFO - Final Selection: 10 tourist spots (from 116 raw)
2025-12-17 14:45:28,085 - main_osrm - INFO - DEBUG: Final response meal_suggestions: {'breakfast': [PlaceSuggestion(osm_id='1563555334', name='Ponnusamy Hotel', location=LatLng(lat=13.0131553, lng=80.2227101), detour_minutes=7, eta_iso='2025-12-18T08:24:46.641000', tags={'addr:postcode': '600015', 'addr:street': 'Anna Salai, Saidapet', 'amenity': 'restaurant', 'cuisine': 'regional', 'name': 'Ponnusamy Hotel', 'website': 'https://www.ponnusamyhotels.com/'}, personalization_score=1.4699999999999998, match_reasons=[]), PlaceSuggestion(osm_id='391835434', name='Kayal', location=LatLng(lat=13.0061052, lng=80.2057662), detour_minutes=2, eta_iso='2025-12-18T08:19:46.641000', tags={'amenity': 'restaurant', 'cuisine': 'mediterranean', 'name': 'Kayal'}, personalization_score=1.27, match_reasons=[]), PlaceSuggestion(osm_id='1751208048', name='Flamingo', location=LatLng(lat=12.9841726, lng=80.2182307), detour_minutes=12, eta_iso='2025-12-18T08:29:46.641000', tags={'amenity': 'restaurant', 'diet:vegetarian': 'only', 'name': 'Flamingo'}, personalization_score=1.27, match_reasons=[]), PlaceSuggestion(osm_id='1751210935', name='Mast Kalandar', location=LatLng(lat=12.9847606, lng=80.2177291), detour_minutes=12, eta_iso='2025-12-18T08:29:46.641000', tags={'amenity': 'restaurant', 'diet:vegetarian': 'only', 'name': 'Mast Kalandar'}, personalization_score=1.27, match_reasons=[]), PlaceSuggestion(osm_id='257532623', name='The Great Kabab Factory', location=LatLng(lat=12.9946821, lng=80.1874068), detour_minutes=4, eta_iso='2025-12-18T08:21:46.641000', tags={'amenity': 'restaurant', 'name': 'The Great Kabab Factory'}, personalization_score=1.17, match_reasons=[])], 'lunch': []}
2025-12-17 14:45:28,086 - main_osrm - INFO - Enhanced trip created successfully. Personalization: True
2025-12-17 14:45:28,089 - main_osrm - INFO - Request: POST /trips/create - Status: 200 - Duration: 280603.29ms
2025-12-17 14:56:32,764 - main_osrm - WARNING - No preferences found for user rVwt0LNUZZfr33bnidLSbgCGxWl1
2025-12-17 14:56:32,766 - main_osrm - INFO - Request: GET /users/rVwt0LNUZZfr33bnidLSbgCGxWl1/preferences - Status: 404 - Duration: 1626.05ms
2025-12-17 14:57:48,777 - main_osrm - INFO - === ENHANCED create_trip with personalization ===
2025-12-17 14:57:48,777 - main_osrm - INFO - Using explicitly passed personalization preferences: foodPreference='any' budget='moderate' pace='balanced' mood='adventure' companions='solo' activities=[] accessibility='none'
2025-12-17 14:57:48,778 - main_osrm - INFO - Fetching baseline OSRM route...
2025-12-17 14:57:49,444 - httpx - INFO - HTTP Request: GET http://router.project-osrm.org/route/v1/driving/80.270186,13.0836939;78.6880939,10.8071144?overview=full&geometries=geojson&steps=true "HTTP/1.1 200 OK"
2025-12-17 14:57:49,733 - main_osrm - INFO - Baseline route: duration=15802s distance=327764.1m
2025-12-17 14:57:49,733 - main_osrm - INFO - Initial trip window: depart=2025-12-18T08:18:10.048000
2025-12-17 14:57:49,734 - main_osrm - INFO - Extracted 44 checkpoints from baseline route
2025-12-17 14:57:49,734 - main_osrm - INFO - Skipping meal 'dinner' - window doesn't intersect trip
2025-12-17 14:57:49,735 - main_osrm - INFO - Considering meals: ['breakfast', 'lunch']
2025-12-17 14:57:49,735 - main_osrm - INFO - Processing meal 'breakfast' with personalization
2025-12-17 14:57:49,735 - main_osrm - INFO - Meal 'breakfast' ETA: 2025-12-18T08:18:21.848000 at 13.083447,80.2702
2025-12-17 14:57:49,736 - main_osrm - INFO - Searching Overpass for 'restaurant' around 13.083447,80.2702 (radius=3000m)
2025-12-17 14:57:54,000 - httpx - INFO - HTTP Request: POST https://overpass-api.de/api/interpreter "HTTP/1.1 200 OK"
2025-12-17 14:57:54,003 - main_osrm - INFO - Overpass returned 140 places for breakfast at radius=3000m
2025-12-17 14:57:54,008 - main_osrm - INFO - 140 places after SMART preference filtering for breakfast
2025-12-17 14:57:54,544 - httpx - INFO - HTTP Request: GET http://router.project-osrm.org/table/v1/driving/80.270186,13.0836939;80.2790177,13.0889622;78.6880939,10.8071144?annotations=duration "HTTP/1.1 200 OK"
2025-12-17 14:58:04,638 - httpx - INFO - HTTP Request: GET http://router.project-osrm.org/table/v1/driving/80.270186,13.0836939;80.2626235,13.0747305;78.6880939,10.8071144?annotations=duration "HTTP/1.1 200 OK"
2025-12-17 14:58:14,782 - httpx - INFO - HTTP Request: GET http://router.project-osrm.org/table/v1/driving/80.270186,13.0836939;80.2526113,13.0729298;78.6880939,10.8071144?annotations=duration "HTTP/1.1 200 OK"
2025-12-17 14:58:24,565 - httpx - INFO - HTTP Request: GET http://router.project-osrm.org/table/v1/driving/80.270186,13.0836939;80.2739101,13.0633479;78.6880939,10.8071144?annotations=duration "HTTP/1.1 200 OK"
2025-12-17 14:58:34,644 - httpx - INFO - HTTP Request: GET http://router.project-osrm.org/table/v1/driving/80.270186,13.0836939;80.2581673,13.0750359;78.6880939,10.8071144?annotations=duration "HTTP/1.1 200 OK"
2025-12-17 14:58:44,782 - httpx - INFO - HTTP Request: GET http://router.project-osrm.org/table/v1/driving/80.270186,13.0836939;80.2566293,13.0677438;78.6880939,10.8071144?annotations=duration "HTTP/1.1 200 OK"
2025-12-17 14:58:54,579 - httpx - INFO - HTTP Request: GET http://router.project-osrm.org/table/v1/driving/80.270186,13.0836939;80.2589124,13.0650516;78.6880939,10.8071144?annotations=duration "HTTP/1.1 200 OK"
2025-12-17 14:58:55,289 - httpx - INFO - HTTP Request: GET http://router.project-osrm.org/table/v1/driving/80.270186,13.0836939;80.2717553,13.0688689;78.6880939,10.8071144?annotations=duration "HTTP/1.1 200 OK"
2025-12-17 14:59:05,272 - httpx - INFO - HTTP Request: GET http://router.project-osrm.org/table/v1/driving/80.270186,13.0836939;80.2612723,13.0630743;78.6880939,10.8071144?annotations=duration "HTTP/1.1 200 OK"
2025-12-17 14:59:05,844 - httpx - INFO - HTTP Request: GET http://router.project-osrm.org/table/v1/driving/80.270186,13.0836939;80.2449931,13.0851955;78.6880939,10.8071144?annotations=duration "HTTP/1.1 200 OK"
2025-12-17 14:59:15,853 - httpx - INFO - HTTP Request: GET http://router.project-osrm.org/table/v1/driving/80.270186,13.0836939;80.2447589,13.0851761;78.6880939,10.8071144?annotations=duration "HTTP/1.1 200 OK"
2025-12-17 14:59:25,879 - httpx - INFO - HTTP Request: GET http://router.project-osrm.org/table/v1/driving/80.270186,13.0836939;80.2740127,13.0812779;78.6880939,10.8071144?annotations=duration "HTTP/1.1 200 OK"
2025-12-17 14:59:25,882 - main_osrm - INFO - 12 candidates scored for breakfast
2025-12-17 14:59:25,883 - main_osrm - INFO - Selected: Mathsya score=1.47 detour=2min
2025-12-17 14:59:25,883 - main_osrm - INFO - Selected: Novelty score=1.27 detour=6min
2025-12-17 14:59:25,884 - main_osrm - INFO - Selected: Annapurna score=1.27 detour=3min
2025-12-17 14:59:25,885 - main_osrm - INFO - Selected: Sparkys Diner score=1.27 detour=2min
2025-12-17 14:59:25,885 - main_osrm - INFO - Selected: Maharaja score=1.27 detour=7min
2025-12-17 14:59:25,885 - main_osrm - INFO - Processing meal 'lunch' with personalization
2025-12-17 14:59:25,886 - main_osrm - INFO - Meal 'lunch' ETA: 2025-12-18T12:33:00.048000 at 11.960534,79.493441
2025-12-17 14:59:25,887 - main_osrm - INFO - Searching Overpass for 'restaurant' around 11.960534,79.493441 (radius=3000m)
2025-12-17 14:59:27,480 - httpx - INFO - HTTP Request: POST https://overpass-api.de/api/interpreter "HTTP/1.1 200 OK"
2025-12-17 14:59:27,482 - main_osrm - INFO - Overpass returned 7 places for lunch at radius=3000m
2025-12-17 14:59:27,482 - main_osrm - INFO - 7 places after SMART preference filtering for lunch
2025-12-17 14:59:28,265 - httpx - INFO - HTTP Request: GET http://router.project-osrm.org/table/v1/driving/80.270186,13.0836939;79.4979967,11.9621113;78.6880939,10.8071144?annotations=duration "HTTP/1.1 200 OK"
2025-12-17 14:59:35,871 - httpx - INFO - HTTP Request: GET http://router.project-osrm.org/table/v1/driving/80.270186,13.0836939;79.496043,11.9410714;78.6880939,10.8071144?annotations=duration "HTTP/1.1 200 OK"
2025-12-17 14:59:45,872 - httpx - INFO - HTTP Request: GET http://router.project-osrm.org/table/v1/driving/80.270186,13.0836939;79.497756,11.9399354;78.6880939,10.8071144?annotations=duration "HTTP/1.1 200 OK"
2025-12-17 14:59:55,872 - httpx - INFO - HTTP Request: GET http://router.project-osrm.org/table/v1/driving/80.270186,13.0836939;79.4982114,11.9398828;78.6880939,10.8071144?annotations=duration "HTTP/1.1 200 OK"
2025-12-17 14:59:56,526 - httpx - INFO - HTTP Request: GET http://router.project-osrm.org/table/v1/driving/80.270186,13.0836939;79.4978252,11.9401915;78.6880939,10.8071144?annotations=duration "HTTP/1.1 200 OK"
2025-12-17 15:00:06,532 - httpx - INFO - HTTP Request: GET http://router.project-osrm.org/table/v1/driving/80.270186,13.0836939;79.4913722,11.9407446;78.6880939,10.8071144?annotations=duration "HTTP/1.1 200 OK"
2025-12-17 15:00:16,556 - httpx - INFO - HTTP Request: GET http://router.project-osrm.org/table/v1/driving/80.270186,13.0836939;79.4867418,11.9387149;78.6880939,10.8071144?annotations=duration "HTTP/1.1 200 OK"
2025-12-17 15:00:16,559 - main_osrm - INFO - 7 candidates scored for lunch
2025-12-17 15:00:16,559 - main_osrm - INFO - Selected: Hotel Kailash score=1.63 detour=7min
2025-12-17 15:00:16,560 - main_osrm - INFO - Selected: Hotel Anandha score=1.47 detour=6min
2025-12-17 15:00:16,561 - main_osrm - INFO - Selected: Hotel Archana score=1.47 detour=6min
2025-12-17 15:00:16,561 - main_osrm - INFO - Selected: RK Sastha Bhavan score=1.37 detour=7min
2025-12-17 15:00:16,562 - main_osrm - INFO - Selected: Sri Annai Restaurant score=1.27 detour=7min
2025-12-17 15:00:16,562 - main_osrm - INFO - DEBUG: Meal suggestions structure: {'breakfast': [PlaceSuggestion(osm_id='365351250', name='Mathsya', location=LatLng(lat=13.0750359, lng=80.2581673), detour_minutes=2, eta_iso='2025-12-18T08:20:21.848000', tags={'amenity': 'restaurant', 'cuisine': 'Vegetarian, International (South Indian incl. )', 'description': 'Authentic Food. Affordable. Try French Onion Soup on Tuesdays', 'name': 'Mathsya', 'opening_hours': 'Mo-Su 07:00-22:00, 07:00-01:30'}, personalization_score=1.4699999999999998, match_reasons=[]), PlaceSuggestion(osm_id='347444724', name='Novelty', location=LatLng(lat=13.0889622, lng=80.2790177), detour_minutes=6, eta_iso='2025-12-18T08:24:21.848000', tags={'amenity': 'restaurant', 'name': 'Novelty', 'opening_hours': 'PH,Mo-Su 12:00-22:30'}, personalization_score=1.27, match_reasons=[]), PlaceSuggestion(osm_id='347444889', name='Annapurna', location=LatLng(lat=13.0747305, lng=80.2626235), detour_minutes=3, eta_iso='2025-12-18T08:21:21.848000', tags={'amenity': 'restaurant', 'fixme': 'not found', 'name': 'Annapurna'}, personalization_score=1.27, match_reasons=[]), PlaceSuggestion(osm_id='353977800', name='Sparkys Diner', location=LatLng(lat=13.0729298, lng=80.2526113), detour_minutes=2, eta_iso='2025-12-18T08:20:21.848000', tags={'amenity': 'restaurant', 'created_by': 'Potlatch 0.10f', 'name': 'Sparkys Diner'}, personalization_score=1.27, match_reasons=[]), PlaceSuggestion(osm_id='354959926', name='Maharaja', location=LatLng(lat=13.0633479, lng=80.2739101), detour_minutes=7, eta_iso='2025-12-18T08:25:21.848000', tags={'amenity': 'restaurant', 'created_by': 'Potlatch 0.10f', 'name': 'Maharaja'}, personalization_score=1.27, match_reasons=[])], 'lunch': [PlaceSuggestion(osm_id='7206180386', name='Hotel Kailash', location=LatLng(lat=11.9401915, lng=79.4978252), detour_minutes=7, eta_iso='2025-12-18T12:40:00.048000', tags={'amenity': 'restaurant', 'check_date': '2023-09-03', 'cuisine': 'local', 'diet:vegetarian': 'only', 'name': 'Hotel Kailash', 'source': 'survey'}, personalization_score=1.633333333333333, match_reasons=['Great for adventure mood']), PlaceSuggestion(osm_id='5234806088', name='Hotel Anandha', location=LatLng(lat=11.9410714, lng=79.496043), detour_minutes=6, eta_iso='2025-12-18T12:39:00.048000', tags={'air_conditioning': 'yes', 'amenity': 'restaurant', 'check_date': '2023-09-03', 'diet:vegetarian': 'yes', 'name': 'Hotel Anandha'}, personalization_score=1.4699999999999998, match_reasons=[]), PlaceSuggestion(osm_id='7602187148', name='Hotel Archana', location=LatLng(lat=11.9407446, lng=79.4913722), detour_minutes=6, eta_iso='2025-12-18T12:39:00.048000', tags={'air_conditioning': 'no', 'amenity': 'restaurant', 'diet:vegetarian': 'only', 'indoor_seating': 'yes', 'name': 'Hotel Archana', 'outdoor_seating': 'no', 'smoking': 'no'}, personalization_score=1.4699999999999998, match_reasons=[]), PlaceSuggestion(osm_id='5234909593', name='RK Sastha Bhavan', location=LatLng(lat=11.9399354, lng=79.497756), detour_minutes=7, eta_iso='2025-12-18T12:40:00.048000', tags={'amenity': 'restaurant', 'check_date': '2023-09-03', 'diet:vegetarian': 'yes', 'name': 'RK Sastha Bhavan'}, personalization_score=1.3699999999999999, match_reasons=[]), PlaceSuggestion(osm_id='5692239870', name='Sri Annai Restaurant', location=LatLng(lat=11.9398828, lng=79.4982114), detour_minutes=7, eta_iso='2025-12-18T12:40:00.048000', tags={'amenity': 'restaurant', 'check_date': '2023-09-03', 'name': 'Sri Annai Restaurant'}, personalization_score=1.27, match_reasons=[])]}
2025-12-17 15:00:16,563 - main_osrm - INFO - DEBUG: breakfast has 5 suggestions
2025-12-17 15:00:16,564 - main_osrm - INFO - DEBUG: Suggestion 1: osm_id='365351250' name='Mathsya' location=LatLng(lat=13.0750359, lng=80.2581673) detour_minutes=2 eta_iso='2025-12-18T08:20:21.848000' tags={'amenity': 'restaurant', 'cuisine': 'Vegetarian, International (South Indian incl. )', 'description': 'Authentic Food. Affordable. Try French Onion Soup on Tuesdays', 'name': 'Mathsya', 'opening_hours': 'Mo-Su 07:00-22:00, 07:00-01:30'} personalization_score=1.4699999999999998 match_reasons=[]
2025-12-17 15:00:16,565 - main_osrm - INFO - DEBUG: Suggestion 2: osm_id='347444724' name='Novelty' location=LatLng(lat=13.0889622, lng=80.2790177) detour_minutes=6 eta_iso='2025-12-18T08:24:21.848000' tags={'amenity': 'restaurant', 'name': 'Novelty', 'opening_hours': 'PH,Mo-Su 12:00-22:30'} personalization_score=1.27 match_reasons=[]
2025-12-17 15:00:16,565 - main_osrm - INFO - DEBUG: Suggestion 3: osm_id='347444889' name='Annapurna' location=LatLng(lat=13.0747305, lng=80.2626235) detour_minutes=3 eta_iso='2025-12-18T08:21:21.848000' tags={'amenity': 'restaurant', 'fixme': 'not found', 'name': 'Annapurna'} personalization_score=1.27 match_reasons=[]
2025-12-17 15:00:16,566 - main_osrm - INFO - DEBUG: Suggestion 4: osm_id='353977800' name='Sparkys Diner' location=LatLng(lat=13.0729298, lng=80.2526113) detour_minutes=2 eta_iso='2025-12-18T08:20:21.848000' tags={'amenity': 'restaurant', 'created_by': 'Potlatch 0.10f', 'name': 'Sparkys Diner'} personalization_score=1.27 match_reasons=[]
2025-12-17 15:00:16,566 - main_osrm - INFO - DEBUG: Suggestion 5: osm_id='354959926' name='Maharaja' location=LatLng(lat=13.0633479, lng=80.2739101) detour_minutes=7 eta_iso='2025-12-18T08:25:21.848000' tags={'amenity': 'restaurant', 'created_by': 'Potlatch 0.10f', 'name': 'Maharaja'} personalization_score=1.27 match_reasons=[]
2025-12-17 15:00:16,566 - main_osrm - INFO - DEBUG: lunch has 5 suggestions
2025-12-17 15:00:16,567 - main_osrm - INFO - DEBUG: Suggestion 1: osm_id='7206180386' name='Hotel Kailash' location=LatLng(lat=11.9401915, lng=79.4978252) detour_minutes=7 eta_iso='2025-12-18T12:40:00.048000' tags={'amenity': 'restaurant', 'check_date': '2023-09-03', 'cuisine': 'local', 'diet:vegetarian': 'only', 'name': 'Hotel Kailash', 'source': 'survey'} personalization_score=1.633333333333333 match_reasons=['Great for adventure mood']
2025-12-17 15:00:16,567 - main_osrm - INFO - DEBUG: Suggestion 2: osm_id='5234806088' name='Hotel Anandha' location=LatLng(lat=11.9410714, lng=79.496043) detour_minutes=6 eta_iso='2025-12-18T12:39:00.048000' tags={'air_conditioning': 'yes', 'amenity': 'restaurant', 'check_date': '2023-09-03', 'diet:vegetarian': 'yes', 'name': 'Hotel Anandha'} personalization_score=1.4699999999999998 match_reasons=[]
2025-12-17 15:00:16,568 - main_osrm - INFO - DEBUG: Suggestion 3: osm_id='7602187148' name='Hotel Archana' location=LatLng(lat=11.9407446, lng=79.4913722) detour_minutes=6 eta_iso='2025-12-18T12:39:00.048000' tags={'air_conditioning': 'no', 'amenity': 'restaurant', 'diet:vegetarian': 'only', 'indoor_seating': 'yes', 'name': 'Hotel Archana', 'outdoor_seating': 'no', 'smoking': 'no'} personalization_score=1.4699999999999998 match_reasons=[]
2025-12-17 15:00:16,568 - main_osrm - INFO - DEBUG: Suggestion 4: osm_id='5234909593' name='RK Sastha Bhavan' location=LatLng(lat=11.9399354, lng=79.497756) detour_minutes=7 eta_iso='2025-12-18T12:40:00.048000' tags={'amenity': 'restaurant', 'check_date': '2023-09-03', 'diet:vegetarian': 'yes', 'name': 'RK Sastha Bhavan'} personalization_score=1.3699999999999999 match_reasons=[]
2025-12-17 15:00:16,569 - main_osrm - INFO - DEBUG: Suggestion 5: osm_id='5692239870' name='Sri Annai Restaurant' location=LatLng(lat=11.9398828, lng=79.4982114) detour_minutes=7 eta_iso='2025-12-18T12:40:00.048000' tags={'amenity': 'restaurant', 'check_date': '2023-09-03', 'name': 'Sri Annai Restaurant'} personalization_score=1.27 match_reasons=[]
2025-12-17 15:00:16,570 - main_osrm - INFO - Searching for tourist spots along the route...
2025-12-17 15:00:16,570 - main_osrm - INFO - Searching for tourist spots along the route...
2025-12-17 15:00:25,229 - httpx - INFO - HTTP Request: POST https://overpass-api.de/api/interpreter "HTTP/1.1 504 Gateway Timeout"
2025-12-17 15:00:28,003 - httpx - INFO - HTTP Request: POST https://overpass-api.de/api/interpreter "HTTP/1.1 200 OK"
2025-12-17 15:00:34,198 - httpx - INFO - HTTP Request: POST https://overpass-api.de/api/interpreter "HTTP/1.1 200 OK"
2025-12-17 15:00:34,201 - main_osrm - INFO - Found 6 potential tourist spots
2025-12-17 15:00:34,754 - httpx - INFO - HTTP Request: GET http://router.project-osrm.org/table/v1/driving/80.270186,13.0836939;78.6898742,10.8612423;78.6880939,10.8071144?annotations=duration "HTTP/1.1 200 OK"
2025-12-17 15:00:44,766 - httpx - INFO - HTTP Request: GET http://router.project-osrm.org/table/v1/driving/80.270186,13.0836939;78.6897158,10.8581798;78.6880939,10.8071144?annotations=duration "HTTP/1.1 200 OK"
2025-12-17 15:00:45,369 - httpx - INFO - HTTP Request: GET http://router.project-osrm.org/table/v1/driving/80.270186,13.0836939;78.6910546,10.8623432;78.6880939,10.8071144?annotations=duration "HTTP/1.1 200 OK"
2025-12-17 15:00:54,754 - httpx - INFO - HTTP Request: GET http://router.project-osrm.org/table/v1/driving/80.270186,13.0836939;78.6899038,10.8641056;78.6880939,10.8071144?annotations=duration "HTTP/1.1 200 OK"
2025-12-17 15:01:04,869 - httpx - INFO - HTTP Request: GET http://router.project-osrm.org/table/v1/driving/80.270186,13.0836939;78.6861225,10.7971964;78.6880939,10.8071144?annotations=duration "HTTP/1.1 200 OK"
2025-12-17 15:01:14,805 - httpx - INFO - HTTP Request: GET http://router.project-osrm.org/table/v1/driving/80.270186,13.0836939;78.6643448,10.9046294;78.6880939,10.8071144?annotations=duration "HTTP/1.1 200 OK"
2025-12-17 15:01:14,807 - main_osrm - INFO - Final Selection: 6 tourist spots (from 6 raw)
2025-12-17 15:01:14,808 - main_osrm - INFO - DEBUG: Final response meal_suggestions: {'breakfast': [PlaceSuggestion(osm_id='365351250', name='Mathsya', location=LatLng(lat=13.0750359, lng=80.2581673), detour_minutes=2, eta_iso='2025-12-18T08:20:21.848000', tags={'amenity': 'restaurant', 'cuisine': 'Vegetarian, International (South Indian incl. )', 'description': 'Authentic Food. Affordable. Try French Onion Soup on Tuesdays', 'name': 'Mathsya', 'opening_hours': 'Mo-Su 07:00-22:00, 07:00-01:30'}, personalization_score=1.4699999999999998, match_reasons=[]), PlaceSuggestion(osm_id='347444724', name='Novelty', location=LatLng(lat=13.0889622, lng=80.2790177), detour_minutes=6, eta_iso='2025-12-18T08:24:21.848000', tags={'amenity': 'restaurant', 'name': 'Novelty', 'opening_hours': 'PH,Mo-Su 12:00-22:30'}, personalization_score=1.27, match_reasons=[]), PlaceSuggestion(osm_id='347444889', name='Annapurna', location=LatLng(lat=13.0747305, lng=80.2626235), detour_minutes=3, eta_iso='2025-12-18T08:21:21.848000', tags={'amenity': 'restaurant', 'fixme': 'not found', 'name': 'Annapurna'}, personalization_score=1.27, match_reasons=[]), PlaceSuggestion(osm_id='353977800', name='Sparkys Diner', location=LatLng(lat=13.0729298, lng=80.2526113), detour_minutes=2, eta_iso='2025-12-18T08:20:21.848000', tags={'amenity': 'restaurant', 'created_by': 'Potlatch 0.10f', 'name': 'Sparkys Diner'}, personalization_score=1.27, match_reasons=[]), PlaceSuggestion(osm_id='354959926', name='Maharaja', location=LatLng(lat=13.0633479, lng=80.2739101), detour_minutes=7, eta_iso='2025-12-18T08:25:21.848000', tags={'amenity': 'restaurant', 'created_by': 'Potlatch 0.10f', 'name': 'Maharaja'}, personalization_score=1.27, match_reasons=[])], 'lunch': [PlaceSuggestion(osm_id='7206180386', name='Hotel Kailash', location=LatLng(lat=11.9401915, lng=79.4978252), detour_minutes=7, eta_iso='2025-12-18T12:40:00.048000', tags={'amenity': 'restaurant', 'check_date': '2023-09-03', 'cuisine': 'local', 'diet:vegetarian': 'only', 'name': 'Hotel Kailash', 'source': 'survey'}, personalization_score=1.633333333333333, match_reasons=['Great for adventure mood']), PlaceSuggestion(osm_id='5234806088', name='Hotel Anandha', location=LatLng(lat=11.9410714, lng=79.496043), detour_minutes=6, eta_iso='2025-12-18T12:39:00.048000', tags={'air_conditioning': 'yes', 'amenity': 'restaurant', 'check_date': '2023-09-03', 'diet:vegetarian': 'yes', 'name': 'Hotel Anandha'}, personalization_score=1.4699999999999998, match_reasons=[]), PlaceSuggestion(osm_id='7602187148', name='Hotel Archana', location=LatLng(lat=11.9407446, lng=79.4913722), detour_minutes=6, eta_iso='2025-12-18T12:39:00.048000', tags={'air_conditioning': 'no', 'amenity': 'restaurant', 'diet:vegetarian': 'only', 'indoor_seating': 'yes', 'name': 'Hotel Archana', 'outdoor_seating': 'no', 'smoking': 'no'}, personalization_score=1.4699999999999998, match_reasons=[]), PlaceSuggestion(osm_id='5234909593', name='RK Sastha Bhavan', location=LatLng(lat=11.9399354, lng=79.497756), detour_minutes=7, eta_iso='2025-12-18T12:40:00.048000', tags={'amenity': 'restaurant', 'check_date': '2023-09-03', 'diet:vegetarian': 'yes', 'name': 'RK Sastha Bhavan'}, personalization_score=1.3699999999999999, match_reasons=[]), PlaceSuggestion(osm_id='5692239870', name='Sri Annai Restaurant', location=LatLng(lat=11.9398828, lng=79.4982114), detour_minutes=7, eta_iso='2025-12-18T12:40:00.048000', tags={'amenity': 'restaurant', 'check_date': '2023-09-03', 'name': 'Sri Annai Restaurant'}, personalization_score=1.27, match_reasons=[])]}
2025-12-17 15:01:14,809 - main_osrm - INFO - Enhanced trip created successfully. Personalization: True
2025-12-17 15:01:14,811 - main_osrm - INFO - Request: POST /trips/create - Status: 200 - Duration: 206034.94ms
2025-12-17 15:01:48,921 - main_osrm - INFO - === ENHANCED create_trip with personalization ===
2025-12-17 15:01:48,922 - main_osrm - INFO - Using explicitly passed personalization preferences: foodPreference='any' budget='moderate' pace='balanced' mood='adventure' companions='solo' activities=[] accessibility='none'
2025-12-17 15:01:48,922 - main_osrm - INFO - Fetching baseline OSRM route...
2025-12-17 15:01:49,644 - httpx - INFO - HTTP Request: GET http://router.project-osrm.org/route/v1/driving/80.270186,13.0836939;78.6880939,10.8071144?overview=full&geometries=geojson&steps=true "HTTP/1.1 200 OK"
2025-12-17 15:01:49,971 - main_osrm - INFO - Baseline route: duration=15802s distance=327764.1m
2025-12-17 15:01:49,971 - main_osrm - INFO - Initial trip window: depart=2025-12-18T08:18:10.048000
2025-12-17 15:01:49,971 - main_osrm - INFO - Extracted 44 checkpoints from baseline route
2025-12-17 15:01:49,972 - main_osrm - INFO - Skipping meal 'dinner' - window doesn't intersect trip
2025-12-17 15:01:49,972 - main_osrm - INFO - Considering meals: ['breakfast', 'lunch']
2025-12-17 15:01:49,972 - main_osrm - INFO - Processing meal 'breakfast' with personalization
2025-12-17 15:01:49,972 - main_osrm - INFO - Meal 'breakfast' ETA: 2025-12-18T08:18:21.848000 at 13.083447,80.2702
2025-12-17 15:01:49,972 - main_osrm - INFO - Searching Overpass for 'restaurant' around 13.083447,80.2702 (radius=3000m)
2025-12-17 15:01:54,114 - httpx - INFO - HTTP Request: POST https://overpass-api.de/api/interpreter "HTTP/1.1 200 OK"
2025-12-17 15:01:54,124 - main_osrm - INFO - Overpass returned 140 places for breakfast at radius=3000m
2025-12-17 15:01:54,125 - main_osrm - INFO - 140 places after SMART preference filtering for breakfast
2025-12-17 15:01:54,669 - httpx - INFO - HTTP Request: GET http://router.project-osrm.org/table/v1/driving/80.270186,13.0836939;80.2790177,13.0889622;78.6880939,10.8071144?annotations=duration "HTTP/1.1 200 OK"
2025-12-17 15:02:04,683 - httpx - INFO - HTTP Request: GET http://router.project-osrm.org/table/v1/driving/80.270186,13.0836939;80.2626235,13.0747305;78.6880939,10.8071144?annotations=duration "HTTP/1.1 200 OK"
2025-12-17 15:02:14,687 - httpx - INFO - HTTP Request: GET http://router.project-osrm.org/table/v1/driving/80.270186,13.0836939;80.2526113,13.0729298;78.6880939,10.8071144?annotations=duration "HTTP/1.1 200 OK"
2025-12-17 15:02:15,301 - httpx - INFO - HTTP Request: GET http://router.project-osrm.org/table/v1/driving/80.270186,13.0836939;80.2739101,13.0633479;78.6880939,10.8071144?annotations=duration "HTTP/1.1 200 OK"
2025-12-17 15:02:24,738 - httpx - INFO - HTTP Request: GET http://router.project-osrm.org/table/v1/driving/80.270186,13.0836939;80.2581673,13.0750359;78.6880939,10.8071144?annotations=duration "HTTP/1.1 200 OK"
2025-12-17 15:02:25,445 - httpx - INFO - HTTP Request: GET http://router.project-osrm.org/table/v1/driving/80.270186,13.0836939;80.2566293,13.0677438;78.6880939,10.8071144?annotations=duration "HTTP/1.1 200 OK"
2025-12-17 15:02:35,498 - httpx - INFO - HTTP Request: GET http://router.project-osrm.org/table/v1/driving/80.270186,13.0836939;80.2589124,13.0650516;78.6880939,10.8071144?annotations=duration "HTTP/1.1 200 OK"
2025-12-17 15:02:45,543 - httpx - INFO - HTTP Request: GET http://router.project-osrm.org/table/v1/driving/80.270186,13.0836939;80.2717553,13.0688689;78.6880939,10.8071144?annotations=duration "HTTP/1.1 200 OK"
2025-12-17 15:02:46,233 - httpx - INFO - HTTP Request: GET http://router.project-osrm.org/table/v1/driving/80.270186,13.0836939;80.2612723,13.0630743;78.6880939,10.8071144?annotations=duration "HTTP/1.1 200 OK"
2025-12-17 15:02:56,140 - httpx - INFO - HTTP Request: GET http://router.project-osrm.org/table/v1/driving/80.270186,13.0836939;80.2449931,13.0851955;78.6880939,10.8071144?annotations=duration "HTTP/1.1 200 OK"
2025-12-17 15:03:06,198 - httpx - INFO - HTTP Request: GET http://router.project-osrm.org/table/v1/driving/80.270186,13.0836939;80.2447589,13.0851761;78.6880939,10.8071144?annotations=duration "HTTP/1.1 200 OK"
2025-12-17 15:03:16,257 - httpx - INFO - HTTP Request: GET http://router.project-osrm.org/table/v1/driving/80.270186,13.0836939;80.2740127,13.0812779;78.6880939,10.8071144?annotations=duration "HTTP/1.1 200 OK"
2025-12-17 15:03:16,259 - main_osrm - INFO - 12 candidates scored for breakfast
2025-12-17 15:03:16,259 - main_osrm - INFO - Selected: Mathsya score=1.47 detour=2min
2025-12-17 15:03:16,259 - main_osrm - INFO - Selected: Novelty score=1.27 detour=6min
2025-12-17 15:03:16,259 - main_osrm - INFO - Selected: Annapurna score=1.27 detour=3min
2025-12-17 15:03:16,260 - main_osrm - INFO - Selected: Sparkys Diner score=1.27 detour=2min
2025-12-17 15:03:16,260 - main_osrm - INFO - Selected: Maharaja score=1.27 detour=7min
2025-12-17 15:03:16,260 - main_osrm - INFO - Processing meal 'lunch' with personalization
2025-12-17 15:03:16,261 - main_osrm - INFO - Meal 'lunch' ETA: 2025-12-18T12:33:00.048000 at 11.960534,79.493441
2025-12-17 15:03:16,261 - main_osrm - INFO - Searching Overpass for 'restaurant' around 11.960534,79.493441 (radius=3000m)
2025-12-17 15:03:20,861 - httpx - INFO - HTTP Request: POST https://overpass-api.de/api/interpreter "HTTP/1.1 200 OK"
2025-12-17 15:03:20,863 - main_osrm - INFO - Overpass returned 7 places for lunch at radius=3000m
2025-12-17 15:03:20,864 - main_osrm - INFO - 7 places after SMART preference filtering for lunch
2025-12-17 15:03:26,200 - httpx - INFO - HTTP Request: GET http://router.project-osrm.org/table/v1/driving/80.270186,13.0836939;79.4979967,11.9621113;78.6880939,10.8071144?annotations=duration "HTTP/1.1 200 OK"
2025-12-17 15:03:36,161 - httpx - INFO - HTTP Request: GET http://router.project-osrm.org/table/v1/driving/80.270186,13.0836939;79.496043,11.9410714;78.6880939,10.8071144?annotations=duration "HTTP/1.1 200 OK"
2025-12-17 15:03:46,265 - httpx - INFO - HTTP Request: GET http://router.project-osrm.org/table/v1/driving/80.270186,13.0836939;79.497756,11.9399354;78.6880939,10.8071144?annotations=duration "HTTP/1.1 200 OK"
2025-12-17 15:03:56,178 - httpx - INFO - HTTP Request: GET http://router.project-osrm.org/table/v1/driving/80.270186,13.0836939;79.4982114,11.9398828;78.6880939,10.8071144?annotations=duration "HTTP/1.1 200 OK"
2025-12-17 15:04:06,315 - httpx - INFO - HTTP Request: GET http://router.project-osrm.org/table/v1/driving/80.270186,13.0836939;79.4978252,11.9401915;78.6880939,10.8071144?annotations=duration "HTTP/1.1 200 OK"
2025-12-17 15:04:16,877 - httpx - INFO - HTTP Request: GET http://router.project-osrm.org/table/v1/driving/80.270186,13.0836939;79.4913722,11.9407446;78.6880939,10.8071144?annotations=duration "HTTP/1.1 200 OK"
2025-12-17 15:04:26,175 - httpx - INFO - HTTP Request: GET http://router.project-osrm.org/table/v1/driving/80.270186,13.0836939;79.4867418,11.9387149;78.6880939,10.8071144?annotations=duration "HTTP/1.1 200 OK"
2025-12-17 15:04:26,177 - main_osrm - INFO - 7 candidates scored for lunch
2025-12-17 15:04:26,177 - main_osrm - INFO - Selected: Hotel Kailash score=1.63 detour=7min
2025-12-17 15:04:26,178 - main_osrm - INFO - Selected: Hotel Anandha score=1.47 detour=6min
2025-12-17 15:04:26,178 - main_osrm - INFO - Selected: Hotel Archana score=1.47 detour=6min
2025-12-17 15:04:26,179 - main_osrm - INFO - Selected: RK Sastha Bhavan score=1.37 detour=7min
2025-12-17 15:04:26,180 - main_osrm - INFO - Selected: Sri Annai Restaurant score=1.27 detour=7min
2025-12-17 15:04:26,181 - main_osrm - INFO - DEBUG: Meal suggestions structure: {'breakfast': [PlaceSuggestion(osm_id='365351250', name='Mathsya', location=LatLng(lat=13.0750359, lng=80.2581673), detour_minutes=2, eta_iso='2025-12-18T08:20:21.848000', tags={'amenity': 'restaurant', 'cuisine': 'Vegetarian, International (South Indian incl. )', 'description': 'Authentic Food. Affordable. Try French Onion Soup on Tuesdays', 'name': 'Mathsya', 'opening_hours': 'Mo-Su 07:00-22:00, 07:00-01:30'}, personalization_score=1.4699999999999998, match_reasons=[]), PlaceSuggestion(osm_id='347444724', name='Novelty', location=LatLng(lat=13.0889622, lng=80.2790177), detour_minutes=6, eta_iso='2025-12-18T08:24:21.848000', tags={'amenity': 'restaurant', 'name': 'Novelty', 'opening_hours': 'PH,Mo-Su 12:00-22:30'}, personalization_score=1.27, match_reasons=[]), PlaceSuggestion(osm_id='347444889', name='Annapurna', location=LatLng(lat=13.0747305, lng=80.2626235), detour_minutes=3, eta_iso='2025-12-18T08:21:21.848000', tags={'amenity': 'restaurant', 'fixme': 'not found', 'name': 'Annapurna'}, personalization_score=1.27, match_reasons=[]), PlaceSuggestion(osm_id='353977800', name='Sparkys Diner', location=LatLng(lat=13.0729298, lng=80.2526113), detour_minutes=2, eta_iso='2025-12-18T08:20:21.848000', tags={'amenity': 'restaurant', 'created_by': 'Potlatch 0.10f', 'name': 'Sparkys Diner'}, personalization_score=1.27, match_reasons=[]), PlaceSuggestion(osm_id='354959926', name='Maharaja', location=LatLng(lat=13.0633479, lng=80.2739101), detour_minutes=7, eta_iso='2025-12-18T08:25:21.848000', tags={'amenity': 'restaurant', 'created_by': 'Potlatch 0.10f', 'name': 'Maharaja'}, personalization_score=1.27, match_reasons=[])], 'lunch': [PlaceSuggestion(osm_id='7206180386', name='Hotel Kailash', location=LatLng(lat=11.9401915, lng=79.4978252), detour_minutes=7, eta_iso='2025-12-18T12:40:00.048000', tags={'amenity': 'restaurant', 'check_date': '2023-09-03', 'cuisine': 'local', 'diet:vegetarian': 'only', 'name': 'Hotel Kailash', 'source': 'survey'}, personalization_score=1.633333333333333, match_reasons=['Great for adventure mood']), PlaceSuggestion(osm_id='5234806088', name='Hotel Anandha', location=LatLng(lat=11.9410714, lng=79.496043), detour_minutes=6, eta_iso='2025-12-18T12:39:00.048000', tags={'air_conditioning': 'yes', 'amenity': 'restaurant', 'check_date': '2023-09-03', 'diet:vegetarian': 'yes', 'name': 'Hotel Anandha'}, personalization_score=1.4699999999999998, match_reasons=[]), PlaceSuggestion(osm_id='7602187148', name='Hotel Archana', location=LatLng(lat=11.9407446, lng=79.4913722), detour_minutes=6, eta_iso='2025-12-18T12:39:00.048000', tags={'air_conditioning': 'no', 'amenity': 'restaurant', 'diet:vegetarian': 'only', 'indoor_seating': 'yes', 'name': 'Hotel Archana', 'outdoor_seating': 'no', 'smoking': 'no'}, personalization_score=1.4699999999999998, match_reasons=[]), PlaceSuggestion(osm_id='5234909593', name='RK Sastha Bhavan', location=LatLng(lat=11.9399354, lng=79.497756), detour_minutes=7, eta_iso='2025-12-18T12:40:00.048000', tags={'amenity': 'restaurant', 'check_date': '2023-09-03', 'diet:vegetarian': 'yes', 'name': 'RK Sastha Bhavan'}, personalization_score=1.3699999999999999, match_reasons=[]), PlaceSuggestion(osm_id='5692239870', name='Sri Annai Restaurant', location=LatLng(lat=11.9398828, lng=79.4982114), detour_minutes=7, eta_iso='2025-12-18T12:40:00.048000', tags={'amenity': 'restaurant', 'check_date': '2023-09-03', 'name': 'Sri Annai Restaurant'}, personalization_score=1.27, match_reasons=[])]}
2025-12-17 15:04:26,182 - main_osrm - INFO - DEBUG: breakfast has 5 suggestions
2025-12-17 15:04:26,182 - main_osrm - INFO - DEBUG: Suggestion 1: osm_id='365351250' name='Mathsya' location=LatLng(lat=13.0750359, lng=80.2581673) detour_minutes=2 eta_iso='2025-12-18T08:20:21.848000' tags={'amenity': 'restaurant', 'cuisine': 'Vegetarian, International (South Indian incl. )', 'description': 'Authentic Food. Affordable. Try French Onion Soup on Tuesdays', 'name': 'Mathsya', 'opening_hours': 'Mo-Su 07:00-22:00, 07:00-01:30'} personalization_score=1.4699999999999998 match_reasons=[]
2025-12-17 15:04:26,183 - main_osrm - INFO - DEBUG: Suggestion 2: osm_id='347444724' name='Novelty' location=LatLng(lat=13.0889622, lng=80.2790177) detour_minutes=6 eta_iso='2025-12-18T08:24:21.848000' tags={'amenity': 'restaurant', 'name': 'Novelty', 'opening_hours': 'PH,Mo-Su 12:00-22:30'} personalization_score=1.27 match_reasons=[]
2025-12-17 15:04:26,184 - main_osrm - INFO - DEBUG: Suggestion 3: osm_id='347444889' name='Annapurna' location=LatLng(lat=13.0747305, lng=80.2626235) detour_minutes=3 eta_iso='2025-12-18T08:21:21.848000' tags={'amenity': 'restaurant', 'fixme': 'not found', 'name': 'Annapurna'} personalization_score=1.27 match_reasons=[]
2025-12-17 15:04:26,185 - main_osrm - INFO - DEBUG: Suggestion 4: osm_id='353977800' name='Sparkys Diner' location=LatLng(lat=13.0729298, lng=80.2526113) detour_minutes=2 eta_iso='2025-12-18T08:20:21.848000' tags={'amenity': 'restaurant', 'created_by': 'Potlatch 0.10f', 'name': 'Sparkys Diner'} personalization_score=1.27 match_reasons=[]
2025-12-17 15:04:26,185 - main_osrm - INFO - DEBUG: Suggestion 5: osm_id='354959926' name='Maharaja' location=LatLng(lat=13.0633479, lng=80.2739101) detour_minutes=7 eta_iso='2025-12-18T08:25:21.848000' tags={'amenity': 'restaurant', 'created_by': 'Potlatch 0.10f', 'name': 'Maharaja'} personalization_score=1.27 match_reasons=[]
2025-12-17 15:04:26,185 - main_osrm - INFO - DEBUG: lunch has 5 suggestions
2025-12-17 15:04:26,185 - main_osrm - INFO - DEBUG: Suggestion 1: osm_id='7206180386' name='Hotel Kailash' location=LatLng(lat=11.9401915, lng=79.4978252) detour_minutes=7 eta_iso='2025-12-18T12:40:00.048000' tags={'amenity': 'restaurant', 'check_date': '2023-09-03', 'cuisine': 'local', 'diet:vegetarian': 'only', 'name': 'Hotel Kailash', 'source': 'survey'} personalization_score=1.633333333333333 match_reasons=['Great for adventure mood']
2025-12-17 15:04:26,186 - main_osrm - INFO - DEBUG: Suggestion 2: osm_id='5234806088' name='Hotel Anandha' location=LatLng(lat=11.9410714, lng=79.496043) detour_minutes=6 eta_iso='2025-12-18T12:39:00.048000' tags={'air_conditioning': 'yes', 'amenity': 'restaurant', 'check_date': '2023-09-03', 'diet:vegetarian': 'yes', 'name': 'Hotel Anandha'} personalization_score=1.4699999999999998 match_reasons=[]
2025-12-17 15:04:26,186 - main_osrm - INFO - DEBUG: Suggestion 3: osm_id='7602187148' name='Hotel Archana' location=LatLng(lat=11.9407446, lng=79.4913722) detour_minutes=6 eta_iso='2025-12-18T12:39:00.048000' tags={'air_conditioning': 'no', 'amenity': 'restaurant', 'diet:vegetarian': 'only', 'indoor_seating': 'yes', 'name': 'Hotel Archana', 'outdoor_seating': 'no', 'smoking': 'no'} personalization_score=1.4699999999999998 match_reasons=[]
2025-12-17 15:04:26,187 - main_osrm - INFO - DEBUG: Suggestion 4: osm_id='5234909593' name='RK Sastha Bhavan' location=LatLng(lat=11.9399354, lng=79.497756) detour_minutes=7 eta_iso='2025-12-18T12:40:00.048000' tags={'amenity': 'restaurant', 'check_date': '2023-09-03', 'diet:vegetarian': 'yes', 'name': 'RK Sastha Bhavan'} personalization_score=1.3699999999999999 match_reasons=[]
2025-12-17 15:04:26,189 - main_osrm - INFO - DEBUG: Suggestion 5: osm_id='5692239870' name='Sri Annai Restaurant' location=LatLng(lat=11.9398828, lng=79.4982114) detour_minutes=7 eta_iso='2025-12-18T12:40:00.048000' tags={'amenity': 'restaurant', 'check_date': '2023-09-03', 'name': 'Sri Annai Restaurant'} personalization_score=1.27 match_reasons=[]
2025-12-17 15:04:26,189 - main_osrm - INFO - Searching for tourist spots along the route...
2025-12-17 15:04:26,190 - main_osrm - INFO - Searching for tourist spots along the route...
2025-12-17 15:04:31,195 - httpx - INFO - HTTP Request: POST https://overpass-api.de/api/interpreter "HTTP/1.1 504 Gateway Timeout"
2025-12-17 15:04:33,448 - httpx - INFO - HTTP Request: POST https://overpass-api.de/api/interpreter "HTTP/1.1 200 OK"
2025-12-17 15:04:41,037 - httpx - INFO - HTTP Request: POST https://overpass-api.de/api/interpreter "HTTP/1.1 504 Gateway Timeout"
2025-12-17 15:04:41,039 - main_osrm - INFO - Found 0 potential tourist spots
2025-12-17 15:04:41,040 - main_osrm - INFO - Final Selection: 0 tourist spots (from 0 raw)
2025-12-17 15:04:41,041 - main_osrm - INFO - DEBUG: Final response meal_suggestions: {'breakfast': [PlaceSuggestion(osm_id='365351250', name='Mathsya', location=LatLng(lat=13.0750359, lng=80.2581673), detour_minutes=2, eta_iso='2025-12-18T08:20:21.848000', tags={'amenity': 'restaurant', 'cuisine': 'Vegetarian, International (South Indian incl. )', 'description': 'Authentic Food. Affordable. Try French Onion Soup on Tuesdays', 'name': 'Mathsya', 'opening_hours': 'Mo-Su 07:00-22:00, 07:00-01:30'}, personalization_score=1.4699999999999998, match_reasons=[]), PlaceSuggestion(osm_id='347444724', name='Novelty', location=LatLng(lat=13.0889622, lng=80.2790177), detour_minutes=6, eta_iso='2025-12-18T08:24:21.848000', tags={'amenity': 'restaurant', 'name': 'Novelty', 'opening_hours': 'PH,Mo-Su 12:00-22:30'}, personalization_score=1.27, match_reasons=[]), PlaceSuggestion(osm_id='347444889', name='Annapurna', location=LatLng(lat=13.0747305, lng=80.2626235), detour_minutes=3, eta_iso='2025-12-18T08:21:21.848000', tags={'amenity': 'restaurant', 'fixme': 'not found', 'name': 'Annapurna'}, personalization_score=1.27, match_reasons=[]), PlaceSuggestion(osm_id='353977800', name='Sparkys Diner', location=LatLng(lat=13.0729298, lng=80.2526113), detour_minutes=2, eta_iso='2025-12-18T08:20:21.848000', tags={'amenity': 'restaurant', 'created_by': 'Potlatch 0.10f', 'name': 'Sparkys Diner'}, personalization_score=1.27, match_reasons=[]), PlaceSuggestion(osm_id='354959926', name='Maharaja', location=LatLng(lat=13.0633479, lng=80.2739101), detour_minutes=7, eta_iso='2025-12-18T08:25:21.848000', tags={'amenity': 'restaurant', 'created_by': 'Potlatch 0.10f', 'name': 'Maharaja'}, personalization_score=1.27, match_reasons=[])], 'lunch': [PlaceSuggestion(osm_id='7206180386', name='Hotel Kailash', location=LatLng(lat=11.9401915, lng=79.4978252), detour_minutes=7, eta_iso='2025-12-18T12:40:00.048000', tags={'amenity': 'restaurant', 'check_date': '2023-09-03', 'cuisine': 'local', 'diet:vegetarian': 'only', 'name': 'Hotel Kailash', 'source': 'survey'}, personalization_score=1.633333333333333, match_reasons=['Great for adventure mood']), PlaceSuggestion(osm_id='5234806088', name='Hotel Anandha', location=LatLng(lat=11.9410714, lng=79.496043), detour_minutes=6, eta_iso='2025-12-18T12:39:00.048000', tags={'air_conditioning': 'yes', 'amenity': 'restaurant', 'check_date': '2023-09-03', 'diet:vegetarian': 'yes', 'name': 'Hotel Anandha'}, personalization_score=1.4699999999999998, match_reasons=[]), PlaceSuggestion(osm_id='7602187148', name='Hotel Archana', location=LatLng(lat=11.9407446, lng=79.4913722), detour_minutes=6, eta_iso='2025-12-18T12:39:00.048000', tags={'air_conditioning': 'no', 'amenity': 'restaurant', 'diet:vegetarian': 'only', 'indoor_seating': 'yes', 'name': 'Hotel Archana', 'outdoor_seating': 'no', 'smoking': 'no'}, personalization_score=1.4699999999999998, match_reasons=[]), PlaceSuggestion(osm_id='5234909593', name='RK Sastha Bhavan', location=LatLng(lat=11.9399354, lng=79.497756), detour_minutes=7, eta_iso='2025-12-18T12:40:00.048000', tags={'amenity': 'restaurant', 'check_date': '2023-09-03', 'diet:vegetarian': 'yes', 'name': 'RK Sastha Bhavan'}, personalization_score=1.3699999999999999, match_reasons=[]), PlaceSuggestion(osm_id='5692239870', name='Sri Annai Restaurant', location=LatLng(lat=11.9398828, lng=79.4982114), detour_minutes=7, eta_iso='2025-12-18T12:40:00.048000', tags={'amenity': 'restaurant', 'check_date': '2023-09-03', 'name': 'Sri Annai Restaurant'}, personalization_score=1.27, match_reasons=[])]}
2025-12-17 15:04:41,042 - main_osrm - INFO - Enhanced trip created successfully. Personalization: True
2025-12-17 15:04:41,043 - main_osrm - INFO - Request: POST /trips/create - Status: 200 - Duration: 172123.42ms
2025-12-23 18:17:56,055 - __main__ - INFO - Starting Routivity Trip Planner Backend MVP (OSRM + Overpass + Firebase)
2025-12-23 18:17:56,115 - __main__ - INFO - Firebase Admin initialized successfully
2025-12-23 18:17:57,094 - main_osrm - INFO - Starting Routivity Trip Planner Backend MVP (OSRM + Overpass + Firebase)
2025-12-23 18:17:57,094 - main_osrm - INFO - Firebase Admin initialized successfully
2025-12-23 18:26:26,301 - __main__ - INFO - Starting Routivity Trip Planner Backend MVP (OSRM + Overpass + Firebase)
2025-12-23 18:26:26,341 - __main__ - INFO - Firebase Admin initialized successfully
2025-12-23 18:26:26,394 - main_osrm - INFO - Starting Routivity Trip Planner Backend MVP (OSRM + Overpass + Firebase)
2025-12-23 18:26:26,395 - main_osrm - INFO - Firebase Admin initialized successfully
2025-12-23 18:29:24,646 - __main__ - INFO - Starting Routivity Trip Planner Backend MVP (OSRM + Overpass + Firebase)
2025-12-23 18:29:24,681 - __main__ - INFO - Firebase Admin initialized successfully
2025-12-23 18:29:24,725 - main_osrm - INFO - Starting Routivity Trip Planner Backend MVP (OSRM + Overpass + Firebase)
2025-12-23 18:29:24,725 - main_osrm - INFO - Firebase Admin initialized successfully
2025-12-23 18:31:24,921 - __main__ - INFO - Starting Routivity Trip Planner Backend MVP (OSRM + Overpass + Firebase)
2025-12-23 18:31:24,969 - __main__ - INFO - Firebase Admin initialized successfully
2025-12-23 18:31:25,566 - main_osrm - INFO - Starting Routivity Trip Planner Backend MVP (OSRM + Overpass + Firebase)
2025-12-23 18:31:25,567 - main_osrm - INFO - Firebase Admin initialized successfully
2025-12-23 18:31:37,415 - main_osrm - INFO - === ENHANCED create_trip with personalization ===
2025-12-23 18:31:37,415 - main_osrm - INFO - Using explicitly passed personalization preferences: foodPreference='any' budget='moderate' pace='balanced' mood='adventure' companions='solo' activities=[] accessibility='none'
2025-12-23 18:31:37,416 - main_osrm - INFO - Fetching baseline OSRM route...
2025-12-23 18:31:41,250 - httpx - INFO - HTTP Request: GET http://router.project-osrm.org/route/v1/driving/80.270186,13.0836939;78.1140983,9.9261153?overview=full&geometries=geojson&steps=true "HTTP/1.1 200 OK"
2025-12-23 18:31:44,878 - main_osrm - INFO - Baseline route: duration=22666s distance=455470.8m
2025-12-23 18:31:44,878 - main_osrm - INFO - Initial trip window: depart=2025-12-24T09:55:42.972000
2025-12-23 18:31:44,878 - main_osrm - INFO - Extracted 57 checkpoints from baseline route
2025-12-23 18:31:44,879 - main_osrm - INFO - Skipping meal 'dinner' - window doesn't intersect trip
2025-12-23 18:31:44,879 - main_osrm - INFO - Considering meals: ['breakfast', 'lunch']
2025-12-23 18:31:44,879 - main_osrm - INFO - Processing meal 'breakfast' with personalization
2025-12-23 18:31:44,879 - main_osrm - INFO - Meal 'breakfast' ETA: 2025-12-24T09:55:54.772000 at 13.083447,80.2702
2025-12-23 18:31:44,879 - main_osrm - INFO - Searching Overpass for 'restaurant' around 13.083447,80.2702 (radius=3000m)
2025-12-23 18:31:48,434 - httpx - INFO - HTTP Request: POST https://overpass-api.de/api/interpreter "HTTP/1.1 200 OK"
2025-12-23 18:31:48,436 - main_osrm - INFO - Overpass returned 140 places for breakfast at radius=3000m
2025-12-23 18:31:48,438 - main_osrm - INFO - 140 places after SMART preference filtering for breakfast
2025-12-23 18:31:49,488 - httpx - INFO - HTTP Request: GET http://router.project-osrm.org/table/v1/driving/80.270186,13.0836939;80.2790177,13.0889622;78.1140983,9.9261153?annotations=duration "HTTP/1.1 200 OK"
2025-12-23 18:31:59,568 - httpx - INFO - HTTP Request: GET http://router.project-osrm.org/table/v1/driving/80.270186,13.0836939;80.2626235,13.0747305;78.1140983,9.9261153?annotations=duration "HTTP/1.1 200 OK"
2025-12-23 18:32:09,407 - httpx - INFO - HTTP Request: GET http://router.project-osrm.org/table/v1/driving/80.270186,13.0836939;80.2526113,13.0729298;78.1140983,9.9261153?annotations=duration "HTTP/1.1 200 OK"
2025-12-23 18:32:19,390 - httpx - INFO - HTTP Request: GET http://router.project-osrm.org/table/v1/driving/80.270186,13.0836939;80.2739101,13.0633479;78.1140983,9.9261153?annotations=duration "HTTP/1.1 200 OK"
2025-12-23 18:32:30,195 - httpx - INFO - HTTP Request: GET http://router.project-osrm.org/table/v1/driving/80.270186,13.0836939;80.2581673,13.0750359;78.1140983,9.9261153?annotations=duration "HTTP/1.1 200 OK"
2025-12-23 18:32:39,411 - httpx - INFO - HTTP Request: GET http://router.project-osrm.org/table/v1/driving/80.270186,13.0836939;80.2566293,13.0677438;78.1140983,9.9261153?annotations=duration "HTTP/1.1 200 OK"
2025-12-23 18:32:49,420 - httpx - INFO - HTTP Request: GET http://router.project-osrm.org/table/v1/driving/80.270186,13.0836939;80.2589124,13.0650516;78.1140983,9.9261153?annotations=duration "HTTP/1.1 200 OK"
2025-12-23 18:32:50,550 - httpx - INFO - HTTP Request: GET http://router.project-osrm.org/table/v1/driving/80.270186,13.0836939;80.2717553,13.0688689;78.1140983,9.9261153?annotations=duration "HTTP/1.1 200 OK"
2025-12-23 18:32:59,602 - httpx - INFO - HTTP Request: GET http://router.project-osrm.org/table/v1/driving/80.270186,13.0836939;80.2612723,13.0630743;78.1140983,9.9261153?annotations=duration "HTTP/1.1 200 OK"
2025-12-23 18:33:09,452 - httpx - INFO - HTTP Request: GET http://router.project-osrm.org/table/v1/driving/80.270186,13.0836939;80.2449931,13.0851955;78.1140983,9.9261153?annotations=duration "HTTP/1.1 200 OK"
2025-12-23 18:33:19,433 - httpx - INFO - HTTP Request: GET http://router.project-osrm.org/table/v1/driving/80.270186,13.0836939;80.2447589,13.0851761;78.1140983,9.9261153?annotations=duration "HTTP/1.1 200 OK"
2025-12-23 18:33:29,454 - httpx - INFO - HTTP Request: GET http://router.project-osrm.org/table/v1/driving/80.270186,13.0836939;80.2740127,13.0812779;78.1140983,9.9261153?annotations=duration "HTTP/1.1 200 OK"
2025-12-23 18:33:29,455 - main_osrm - INFO - 12 candidates scored for breakfast
2025-12-23 18:33:29,456 - main_osrm - INFO - Selected: Mathsya score=1.47 detour=2min
2025-12-23 18:33:29,457 - main_osrm - INFO - Selected: Novelty score=1.27 detour=6min
2025-12-23 18:33:29,457 - main_osrm - INFO - Selected: Annapurna score=1.27 detour=3min
2025-12-23 18:33:29,458 - main_osrm - INFO - Selected: Sparkys Diner score=1.27 detour=2min
2025-12-23 18:33:29,458 - main_osrm - INFO - Selected: Maharaja score=1.27 detour=7min
2025-12-23 18:33:29,459 - main_osrm - INFO - Processing meal 'lunch' with personalization
2025-12-23 18:33:29,459 - main_osrm - INFO - Meal 'lunch' ETA: 2025-12-24T12:08:20.672000 at 12.214233,79.641527
2025-12-23 18:33:29,460 - main_osrm - INFO - Searching Overpass for 'restaurant' around 12.214233,79.641527 (radius=3000m)
2025-12-23 18:33:34,259 - httpx - INFO - HTTP Request: POST https://overpass-api.de/api/interpreter "HTTP/1.1 504 Gateway Timeout"
2025-12-23 18:33:34,260 - main_osrm - WARNING - Overpass API timeout (504) for query='restaurant'. Returning empty.
2025-12-23 18:33:34,262 - main_osrm - INFO - Overpass returned 0 places for lunch at radius=3000m
2025-12-23 18:33:34,262 - main_osrm - INFO - Searching Overpass for 'restaurant' around 12.214233,79.641527 (radius=7000m)
2025-12-23 18:33:39,277 - httpx - INFO - HTTP Request: POST https://overpass-api.de/api/interpreter "HTTP/1.1 504 Gateway Timeout"
2025-12-23 18:33:39,279 - main_osrm - WARNING - Overpass API timeout (504) for query='restaurant'. Returning empty.
2025-12-23 18:33:39,280 - main_osrm - INFO - Overpass returned 0 places for lunch at radius=7000m
2025-12-23 18:33:39,280 - main_osrm - INFO - Searching Overpass for 'restaurant' around 12.214233,79.641527 (radius=15000m)
2025-12-23 18:33:40,958 - httpx - INFO - HTTP Request: POST https://overpass-api.de/api/interpreter "HTTP/1.1 200 OK"
2025-12-23 18:33:40,960 - main_osrm - INFO - Overpass returned 12 places for lunch at radius=15000m
2025-12-23 18:33:40,960 - main_osrm - INFO - 12 places after SMART preference filtering for lunch
2025-12-23 18:33:41,993 - httpx - INFO - HTTP Request: GET http://router.project-osrm.org/table/v1/driving/80.270186,13.0836939;79.6735672,12.2537288;78.1140983,9.9261153?annotations=duration "HTTP/1.1 200 OK"
2025-12-23 18:33:52,046 - httpx - INFO - HTTP Request: GET http://router.project-osrm.org/table/v1/driving/80.270186,13.0836939;79.6632394,12.2405556;78.1140983,9.9261153?annotations=duration "HTTP/1.1 200 OK"
2025-12-23 18:34:01,996 - httpx - INFO - HTTP Request: GET http://router.project-osrm.org/table/v1/driving/80.270186,13.0836939;79.5729791,12.109171;78.1140983,9.9261153?annotations=duration "HTTP/1.1 200 OK"
2025-12-23 18:34:11,994 - httpx - INFO - HTTP Request: GET http://router.project-osrm.org/table/v1/driving/80.270186,13.0836939;79.6766496,12.2565758;78.1140983,9.9261153?annotations=duration "HTTP/1.1 200 OK"
2025-12-23 18:34:21,994 - httpx - INFO - HTTP Request: GET http://router.project-osrm.org/table/v1/driving/80.270186,13.0836939;79.5998552,12.1445091;78.1140983,9.9261153?annotations=duration "HTTP/1.1 200 OK"
2025-12-23 18:34:31,999 - httpx - INFO - HTTP Request: GET http://router.project-osrm.org/table/v1/driving/80.270186,13.0836939;79.6670818,12.2455286;78.1140983,9.9261153?annotations=duration "HTTP/1.1 200 OK"
2025-12-23 18:34:41,999 - httpx - INFO - HTTP Request: GET http://router.project-osrm.org/table/v1/driving/80.270186,13.0836939;79.6622907,12.2399377;78.1140983,9.9261153?annotations=duration "HTTP/1.1 200 OK"
2025-12-23 18:34:52,059 - httpx - INFO - HTTP Request: GET http://router.project-osrm.org/table/v1/driving/80.270186,13.0836939;79.6741639,12.2547969;78.1140983,9.9261153?annotations=duration "HTTP/1.1 200 OK"
2025-12-23 18:35:02,023 - httpx - INFO - HTTP Request: GET http://router.project-osrm.org/table/v1/driving/80.270186,13.0836939;79.7333984,12.2981061;78.1140983,9.9261153?annotations=duration "HTTP/1.1 200 OK"
2025-12-23 18:35:12,016 - httpx - INFO - HTTP Request: GET http://router.project-osrm.org/table/v1/driving/80.270186,13.0836939;79.7334313,12.2979513;78.1140983,9.9261153?annotations=duration "HTTP/1.1 200 OK"
2025-12-23 18:35:22,032 - httpx - INFO - HTTP Request: GET http://router.project-osrm.org/table/v1/driving/80.270186,13.0836939;79.6743415,12.2553222;78.1140983,9.9261153?annotations=duration "HTTP/1.1 200 OK"
2025-12-23 18:35:32,051 - httpx - INFO - HTTP Request: GET http://router.project-osrm.org/table/v1/driving/80.270186,13.0836939;79.6655145,12.2424747;78.1140983,9.9261153?annotations=duration "HTTP/1.1 200 OK"
2025-12-23 18:35:32,052 - main_osrm - INFO - 12 candidates scored for lunch
2025-12-23 18:35:32,053 - main_osrm - INFO - Selected: Aishwarya Bhavan - Veg score=1.47 detour=2min
2025-12-23 18:35:32,053 - main_osrm - INFO - Selected: Café Udupi Ruchi score=1.47 detour=1min
2025-12-23 18:35:32,055 - main_osrm - INFO - Selected: Amma Bhavan score=1.47 detour=1min
2025-12-23 18:35:32,056 - main_osrm - INFO - Selected: Unknown score=1.37 detour=0min
2025-12-23 18:35:32,056 - main_osrm - INFO - Selected: Krishna Restaurant score=1.27 detour=2min
2025-12-23 18:35:32,238 - main_osrm - INFO - DEBUG: breakfast has 5 suggestions
2025-12-23 18:35:32,239 - main_osrm - INFO - DEBUG: Suggestion 1: osm_id='365351250' name='Mathsya' location=LatLng(lat=13.0750359, lng=80.2581673) detour_minutes=2 eta_iso='2025-12-24T09:57:54.772000' tags={'amenity': 'restaurant', 'cuisine': 'Vegetarian, International (South Indian incl. )', 'description': 'Authentic Food. Affordable. Try French Onion Soup on Tuesdays', 'name': 'Mathsya', 'opening_hours': 'Mo-Su 07:00-22:00, 07:00-01:30'} personalization_score=1.4699999999999998 match_reasons=[]
2025-12-23 18:35:32,239 - main_osrm - INFO - DEBUG: Suggestion 2: osm_id='347444724' name='Novelty' location=LatLng(lat=13.0889622, lng=80.2790177) detour_minutes=6 eta_iso='2025-12-24T10:01:54.772000' tags={'amenity': 'restaurant', 'name': 'Novelty', 'opening_hours': 'PH,Mo-Su 12:00-22:30'} personalization_score=1.27 match_reasons=[]
2025-12-23 18:35:32,239 - main_osrm - INFO - DEBUG: Suggestion 3: osm_id='347444889' name='Annapurna' location=LatLng(lat=13.0747305, lng=80.2626235) detour_minutes=3 eta_iso='2025-12-24T09:58:54.772000' tags={'amenity': 'restaurant', 'fixme': 'not found', 'name': 'Annapurna'} personalization_score=1.27 match_reasons=[]
2025-12-23 18:35:32,240 - main_osrm - INFO - DEBUG: Suggestion 4: osm_id='353977800' name='Sparkys Diner' location=LatLng(lat=13.0729298, lng=80.2526113) detour_minutes=2 eta_iso='2025-12-24T09:57:54.772000' tags={'amenity': 'restaurant', 'created_by': 'Potlatch 0.10f', 'name': 'Sparkys Diner'} personalization_score=1.27 match_reasons=[]
2025-12-23 18:35:32,240 - main_osrm - INFO - DEBUG: Suggestion 5: osm_id='354959926' name='Maharaja' location=LatLng(lat=13.0633479, lng=80.2739101) detour_minutes=7 eta_iso='2025-12-24T10:02:54.772000' tags={'amenity': 'restaurant', 'created_by': 'Potlatch 0.10f', 'name': 'Maharaja'} personalization_score=1.27 match_reasons=[]
2025-12-23 18:35:32,241 - main_osrm - INFO - DEBUG: lunch has 5 suggestions
2025-12-23 18:35:32,261 - main_osrm - INFO - DEBUG: Suggestion 3: osm_id='13368899081' name='Amma Bhavan' location=LatLng(lat=12.2553222, lng=79.6743415) detour_minutes=1 eta_iso='2025-12-24T12:09:20.672000' tags={'addr:district': 'Tindivanam', 'addr:street': 'Grand Southern Trunk Road', 'amenity': 'restaurant', 'diet:vegetarian': 'yes', 'name': 'Amma Bhavan'} personalization_score=1.4699999999999998 match_reasons=[]
2025-12-23 18:35:32,261 - main_osrm - INFO - DEBUG: Suggestion 4: osm_id='4927895521' name='Unknown' location=LatLng(lat=12.109171, lng=79.5729791) detour_minutes=0 eta_iso='2025-12-24T12:08:20.672000' tags={'amenity': 'restaurant', 'cuisine': 'indian', 'diet:vegetarian': 'yes', 'opening_hours': 'Mo-Su,PH 06:00-11:00'} personalization_score=1.3699999999999999 match_reasons=[]
2025-12-23 18:35:32,262 - main_osrm - INFO - DEBUG: Suggestion 5: osm_id='2236773759' name='Krishna Restaurant' location=LatLng(lat=12.2537288, lng=79.6735672) detour_minutes=2 eta_iso='2025-12-24T12:10:20.672000' tags={'amenity': 'restaurant', 'cuisine': 'indian', 'name': 'Krishna Restaurant'} personalization_score=1.27 match_reasons=[]
2025-12-23 18:35:32,262 - main_osrm - INFO - Searching for tourist spots along the route...
2025-12-23 18:35:32,262 - main_osrm - INFO - Searching for tourist spots along the route...
2025-12-23 18:35:37,707 - httpx - INFO - HTTP Request: POST https://overpass-api.de/api/interpreter "HTTP/1.1 200 OK"
2025-12-23 18:35:40,075 - httpx - INFO - HTTP Request: POST https://overpass-api.de/api/interpreter "HTTP/1.1 200 OK"
2025-12-23 18:35:45,502 - httpx - INFO - HTTP Request: POST https://overpass-api.de/api/interpreter "HTTP/1.1 200 OK"
2025-12-23 18:35:45,504 - main_osrm - INFO - Found 53 potential tourist spots
2025-12-23 18:35:46,534 - httpx - INFO - HTTP Request: GET http://router.project-osrm.org/table/v1/driving/80.270186,13.0836939;80.1414056,12.9487041;78.1140983,9.9261153?annotations=duration "HTTP/1.1 200 OK"
2025-12-23 18:35:56,604 - httpx - INFO - HTTP Request: GET http://router.project-osrm.org/table/v1/driving/80.270186,13.0836939;80.0952989,12.8681353;78.1140983,9.9261153?annotations=duration "HTTP/1.1 200 OK"
2025-12-23 18:36:06,561 - httpx - INFO - HTTP Request: GET http://router.project-osrm.org/table/v1/driving/80.270186,13.0836939;80.0823454,12.8800708;78.1140983,9.9261153?annotations=duration "HTTP/1.1 200 OK"
2025-12-23 18:36:16,551 - httpx - INFO - HTTP Request: GET http://router.project-osrm.org/table/v1/driving/80.270186,13.0836939;80.1452408,12.9518426;78.1140983,9.9261153?annotations=duration "HTTP/1.1 200 OK"
2025-12-23 18:36:26,551 - httpx - INFO - HTTP Request: GET http://router.project-osrm.org/table/v1/driving/80.270186,13.0836939;80.0920683,12.8995145;78.1140983,9.9261153?annotations=duration "HTTP/1.1 200 OK"
2025-12-23 18:36:36,556 - httpx - INFO - HTTP Request: GET http://router.project-osrm.org/table/v1/driving/80.270186,13.0836939;80.0919655,12.8827316;78.1140983,9.9261153?annotations=duration "HTTP/1.1 200 OK"
2025-12-23 18:36:46,652 - httpx - INFO - HTTP Request: GET http://router.project-osrm.org/table/v1/driving/80.270186,13.0836939;80.0839373,12.8809428;78.1140983,9.9261153?annotations=duration "HTTP/1.1 200 OK"
2025-12-23 18:36:56,562 - httpx - INFO - HTTP Request: GET http://router.project-osrm.org/table/v1/driving/80.270186,13.0836939;80.0922487,12.88415;78.1140983,9.9261153?annotations=duration "HTTP/1.1 200 OK"
2025-12-23 18:37:06,575 - httpx - INFO - HTTP Request: GET http://router.project-osrm.org/table/v1/driving/80.270186,13.0836939;80.0838801,12.8803052;78.1140983,9.9261153?annotations=duration "HTTP/1.1 200 OK"
2025-12-23 18:37:16,569 - httpx - INFO - HTTP Request: GET http://router.project-osrm.org/table/v1/driving/80.270186,13.0836939;80.0848185,12.8804755;78.1140983,9.9261153?annotations=duration "HTTP/1.1 200 OK"
2025-12-23 18:37:16,571 - main_osrm - INFO - Final Selection: 10 tourist spots (from 53 raw)
2025-12-23 18:37:16,581 - main_osrm - INFO - Enhanced trip created successfully. Personalization: True
2025-12-23 18:37:16,582 - main_osrm - INFO - Request: POST /trips/create - Status: 200 - Duration: 339169.77ms
2025-12-24 19:31:18,439 - __main__ - INFO - Starting Routivity Trip Planner Backend MVP (OSRM + Overpass + Firebase)
2025-12-24 19:31:18,655 - __main__ - INFO - Firebase Admin initialized successfully
2025-12-24 19:31:19,884 - main_osrm - INFO - Starting Routivity Trip Planner Backend MVP (OSRM + Overpass + Firebase)
2025-12-24 19:31:19,884 - main_osrm - INFO - Firebase Admin initialized successfully
